Date,Open,High,Low,Close,Adjusted Close,Volume
2023-08-21,262.0,262.04998779296875,248.89999389648438,248.89999389648438,247.93182373046875,74715306
2023-08-22,236.4499969482422,236.4499969482422,236.4499969482422,236.4499969482422,235.5302734375,7281398
2023-08-23,224.64999389648438,224.64999389648438,224.64999389648438,224.64999389648438,223.7761688232422,4289046
2023-08-24,213.4499969482422,213.4499969482422,213.4499969482422,213.4499969482422,212.61973571777344,27673356
2023-08-25,202.8000030517578,224.10000610351562,202.8000030517578,214.5,213.6656494140625,281040185
2023-08-28,213.35000610351562,222.25,207.5500030517578,211.14999389648438,210.32867431640625,87522126
2023-08-29,212.0,221.6999969482422,207.25,220.25,219.39329528808594,92693424
2023-08-30,224.89999389648438,231.25,224.6999969482422,231.25,230.35049438476562,21403170
2023-08-31,241.6999969482422,242.8000030517578,231.14999389648438,233.5,232.5917510986328,124122179
2023-09-01,235.0,245.14999389648438,234.1999969482422,245.14999389648438,244.19642639160156,39481020
2023-09-04,255.3000030517578,266.95001220703125,249.0,253.4499969482422,252.46414184570312,99246736
2023-09-05,257.0,260.0,253.0,255.0500030517578,254.05792236328125,47127078
2023-09-06,247.0,259.79998779296875,246.0500030517578,252.85000610351562,251.86648559570312,225413157
2023-09-07,252.0,257.29998779296875,251.25,251.8000030517578,250.82057189941406,43856832
2023-09-08,254.0,255.0,249.5,253.1999969482422,252.21511840820312,36090005
2023-09-11,256.95001220703125,257.70001220703125,250.0,250.14999389648438,249.17697143554688,24982858
2023-09-12,251.75,252.0,240.89999389648438,244.25,243.2999267578125,39500716
2023-09-13,244.8000030517578,247.8000030517578,236.60000610351562,240.1999969482422,239.26568603515625,27810990
2023-09-14,242.0,244.5500030517578,241.25,242.5500030517578,241.60653686523438,14055236
2023-09-15,243.8000030517578,244.64999389648438,237.64999389648438,239.39999389648438,238.4687957763672,27416106
2023-09-18,240.0,240.85000610351562,232.10000610351562,233.1999969482422,232.29290771484375,24694419
2023-09-20,230.39999389648438,232.0,229.0,229.64999389648438,228.7567138671875,18317607
2023-09-21,230.0,235.60000610351562,226.8000030517578,227.64999389648438,226.76449584960938,33101551
2023-09-22,227.9499969482422,232.25,226.35000610351562,227.8000030517578,226.91390991210938,38327554
2023-09-25,230.0,230.85000610351562,227.5,229.75,228.8563232421875,13392150
2023-09-26,231.10000610351562,231.6999969482422,230.0,230.39999389648438,229.50379943847656,8058261
2023-09-27,231.1999969482422,231.1999969482422,227.0,227.35000610351562,226.46566772460938,10984321
2023-09-28,228.0,228.85000610351562,224.75,225.0500030517578,224.17462158203125,9143582
2023-09-29,225.89999389648438,232.89999389648438,225.0,231.1999969482422,230.30068969726562,12411231
2023-10-03,231.5,233.89999389648438,230.5500030517578,231.39999389648438,230.49990844726562,13185432
2023-10-04,230.0,230.0,223.5,224.64999389648438,223.7761688232422,23296548
2023-10-05,225.89999389648438,227.89999389648438,224.1999969482422,225.39999389648438,224.5232391357422,13894930
2023-10-06,226.5,227.64999389648438,223.6999969482422,225.10000610351562,224.22442626953125,7531900
2023-10-09,223.0,223.0,218.85000610351562,219.64999389648438,218.7956085205078,9696908
2023-10-10,221.0,223.89999389648438,219.75,220.14999389648438,219.29367065429688,10451289
2023-10-11,222.0,227.6999969482422,220.60000610351562,225.10000610351562,224.22442626953125,11765082
2023-10-12,227.0,227.39999389648438,224.75,225.14999389648438,224.2742156982422,7780605
2023-10-13,224.0,225.89999389648438,222.0,224.5500030517578,223.6765594482422,10137218
2023-10-16,224.89999389648438,225.9499969482422,224.0,224.8000030517578,223.9255828857422,10850724
2023-10-17,231.5,233.0,220.5,220.9499969482422,220.09056091308594,34190044
2023-10-18,221.60000610351562,222.89999389648438,215.5500030517578,216.0,215.15980529785156,27712062
2023-10-19,216.0,216.0,209.0500030517578,214.1999969482422,213.3668212890625,42127110
2023-10-20,215.5,217.0,213.0,214.1999969482422,213.3668212890625,11101464
2023-10-23,214.0,214.1999969482422,204.25,206.60000610351562,205.79638671875,17817781
2023-10-25,206.60000610351562,211.8000030517578,206.5,210.14999389648438,209.3325653076172,22079260
2023-10-26,208.0,217.0,206.4499969482422,215.85000610351562,215.01040649414062,23734035
2023-10-27,219.60000610351562,225.60000610351562,216.4499969482422,222.89999389648438,222.032958984375,20929447
2023-10-30,224.5,226.1999969482422,218.14999389648438,219.0,218.1481475830078,13508666
2023-10-31,222.0,223.1999969482422,215.5500030517578,219.0,218.1481475830078,17538202
2023-11-01,216.0,222.0500030517578,215.3000030517578,217.64999389648438,216.8033905029297,15862624
2023-11-02,218.5,219.60000610351562,216.6999969482422,217.35000610351562,216.50457763671875,13261567
2023-11-03,219.0,220.64999389648438,217.64999389648438,219.0500030517578,218.1979522705078,8569115
2023-11-06,220.39999389648438,220.6999969482422,216.75,217.14999389648438,216.3053436279297,11494092
2023-11-07,217.89999389648438,218.8000030517578,216.5,217.1999969482422,216.3551483154297,7558170
2023-11-08,217.8000030517578,217.89999389648438,213.8000030517578,214.14999389648438,213.31700134277344,17101608
2023-11-09,214.85000610351562,217.6999969482422,214.85000610351562,215.14999389648438,214.3131103515625,17250096
2023-11-10,214.85000610351562,222.9499969482422,214.35000610351562,221.9499969482422,221.086669921875,18467219
2023-11-13,223.0,225.89999389648438,222.25,224.75,223.87579345703125,12086991
2023-11-15,226.9499969482422,227.35000610351562,223.1999969482422,224.14999389648438,223.27810668945312,15782001
2023-11-16,225.5,229.3000030517578,223.85000610351562,226.9499969482422,226.0672149658203,17856032
2023-11-17,226.0,226.0,220.39999389648438,220.8000030517578,219.94114685058594,19607105
2023-11-20,221.75,221.75,215.0500030517578,215.5,214.66175842285156,20403368
2023-11-21,217.39999389648438,223.14999389648438,216.5500030517578,220.1999969482422,219.34347534179688,25625463
2023-11-22,219.6999969482422,223.39999389648438,218.5,221.89999389648438,221.03684997558594,15012272
2023-11-23,222.5,223.25,219.60000610351562,221.25,220.389404296875,11267951
2023-11-24,221.89999389648438,227.85000610351562,220.5,226.5,225.6189727783203,31420610
2023-11-28,228.0500030517578,232.3000030517578,225.3000030517578,226.35000610351562,225.4695587158203,25668670
2023-11-29,229.35000610351562,229.35000610351562,224.1999969482422,226.0500030517578,225.1707305908203,14007708
2023-11-30,226.0500030517578,231.8000030517578,222.64999389648438,229.39999389648438,228.5076904296875,45432216
2023-12-01,231.4499969482422,231.60000610351562,224.85000610351562,225.5,224.62286376953125,17634910
2023-12-04,229.75,232.0,227.89999389648438,230.10000610351562,229.20498657226562,21079668
2023-12-05,231.0,246.0,229.39999389648438,242.5,241.55673217773438,60847483
2023-12-06,244.89999389648438,251.60000610351562,243.0,247.0500030517578,246.0890350341797,45262704
2023-12-07,249.0,250.6999969482422,245.10000610351562,249.14999389648438,248.1808624267578,23000400
2023-12-08,249.0,250.5,240.0,244.25,243.2999267578125,19056798
2023-12-11,244.85000610351562,247.0,243.0500030517578,245.60000610351562,244.64468383789062,8875953
2023-12-12,246.0500030517578,247.3000030517578,238.3000030517578,240.5500030517578,239.61431884765625,12749596
2023-12-13,242.0,242.39999389648438,235.35000610351562,239.75,238.8174285888672,13774944
2023-12-14,242.89999389648438,243.75,238.0500030517578,238.60000610351562,237.67190551757812,14352896
2023-12-15,240.0,242.60000610351562,236.39999389648438,237.64999389648438,236.7255859375,26225287
2023-12-18,241.0,242.1999969482422,237.60000610351562,240.14999389648438,239.2158660888672,17001755
2023-12-19,240.3000030517578,240.8000030517578,237.89999389648438,238.3000030517578,237.37307739257812,13053454
2023-12-20,238.89999389648438,248.1999969482422,230.0500030517578,232.10000610351562,231.19720458984375,44628843
2023-12-21,230.85000610351562,238.6999969482422,229.0,238.0,237.07424926757812,17015304
2023-12-22,238.75,239.75,234.60000610351562,236.75,235.8291015625,10871312
2023-12-26,237.25,238.0,233.6999969482422,234.6999969482422,233.7870635986328,11865886
2023-12-27,236.0,237.25,233.0,234.0,233.0897979736328,12430460
2023-12-28,235.0,236.35000610351562,232.5500030517578,233.35000610351562,232.4423370361328,10533952
2023-12-29,233.89999389648438,235.1999969482422,232.25,232.9499969482422,232.04388427734375,11614923
2024-01-01,233.35000610351562,236.39999389648438,233.3000030517578,234.5500030517578,233.63766479492188,7919961
2024-01-02,235.0,236.0,232.0,235.35000610351562,234.43455505371094,9216592
2024-01-03,235.39999389648438,236.0,233.5500030517578,234.5,233.58786010742188,9864949
2024-01-04,238.85000610351562,243.25,236.8000030517578,241.39999389648438,240.4610137939453,32808937
2024-01-05,244.5,248.1999969482422,241.5,243.64999389648438,242.70225524902344,29722064
2024-01-08,246.85000610351562,246.89999389648438,240.3000030517578,242.39999389648438,241.45712280273438,21118013
2024-01-09,243.89999389648438,244.64999389648438,241.5,242.14999389648438,241.2080841064453,10689245
2024-01-10,242.0,242.3000030517578,239.3000030517578,240.9499969482422,240.0127716064453,11798543
2024-01-11,243.0,253.39999389648438,240.64999389648438,251.5500030517578,250.571533203125,45792818
2024-01-12,255.0,259.3500061035156,253.6999969482422,255.0500030517578,254.05792236328125,46763296
2024-01-15,255.0500030517578,255.0500030517578,255.0500030517578,255.0500030517578,254.05792236328125,0
2024-01-16,254.10000610351562,258.0,246.5,248.85000610351562,247.88204956054688,70456857
2024-01-17,247.0,247.0,242.14999389648438,242.5500030517578,241.60653686523438,28318086
2024-01-18,243.4499969482422,247.89999389648438,239.0500030517578,243.25,242.30381774902344,24804800
2024-01-19,245.85000610351562,249.14999389648438,245.39999389648438,246.25,245.2921600341797,16563079
2024-01-23,247.85000610351562,248.0500030517578,240.0,240.39999389648438,239.46490478515625,13184700
2024-01-24,240.0,241.5500030517578,237.10000610351562,239.75,238.8174285888672,15276800
2024-01-25,240.39999389648438,242.64999389648438,238.89999389648438,239.85000610351562,238.91705322265625,12352497
2024-01-29,242.0,254.39999389648438,240.0,251.0,250.02366638183594,41148261
2024-01-30,253.14999389648438,253.9499969482422,247.10000610351562,247.6999969482422,246.73651123046875,15292451
2024-01-31,247.64999389648438,250.60000610351562,246.10000610351562,248.25,247.2843780517578,15183900
2024-02-01,251.0,254.6999969482422,249.1999969482422,252.39999389648438,251.418212890625,24323325
2024-02-02,252.5,257.29998779296875,250.60000610351562,253.8000030517578,252.81277465820312,30218956
2024-02-05,256.3500061035156,295.70001220703125,255.6999969482422,289.1000061035156,287.9754943847656,211028604
2024-02-06,285.70001220703125,285.70001220703125,266.04998779296875,270.95001220703125,269.8960876464844,86635613
2024-02-07,273.45001220703125,275.70001220703125,267.3999938964844,268.5,267.4555969238281,30963705
2024-02-08,270.0,270.3999938964844,261.95001220703125,262.79998779296875,261.77777099609375,21948925
2024-02-09,264.3999938964844,276.29998779296875,258.3999938964844,273.0,271.9381103515625,51120889
2024-02-12,276.1000061035156,281.1000061035156,267.70001220703125,271.45001220703125,270.3941345214844,47043875
2024-02-13,270.45001220703125,275.3999938964844,263.70001220703125,272.75,271.6890869140625,31220101
2024-02-14,269.8999938964844,275.0,268.54998779296875,273.0,271.9381103515625,21374190
2024-02-15,275.0,279.0,273.0,274.04998779296875,272.9840087890625,19477720
2024-02-16,275.29998779296875,276.75,271.0,271.8999938964844,270.8423767089844,14337059
2024-02-19,273.25,277.1000061035156,271.8999938964844,274.0,272.9342041015625,18390283
2024-02-20,274.20001220703125,289.29998779296875,273.6000061035156,281.70001220703125,280.604248046875,55688591
2024-02-21,284.0,294.5,283.20001220703125,290.1000061035156,288.9715881347656,64130106
2024-02-22,291.70001220703125,305.29998779296875,291.1000061035156,302.8500061035156,301.6719970703125,75689296
2024-02-23,305.79998779296875,347.0,305.3500061035156,333.95001220703125,332.6510314941406,270077122
2024-02-26,340.45001220703125,348.0,325.75,327.79998779296875,326.5249328613281,107359705
2024-02-27,329.29998779296875,338.70001220703125,316.54998779296875,318.5,317.2611083984375,57002014
2024-02-28,320.0,322.45001220703125,306.04998779296875,308.29998779296875,307.10076904296875,48176158
2024-02-29,312.0,322.0,308.0,310.0,308.794189453125,81356675
2024-03-01,313.5,321.6000061035156,311.54998779296875,317.8999938964844,316.6634521484375,37623310
2024-03-04,329.95001220703125,331.5,320.6000061035156,322.6000061035156,321.3451843261719,24183886
2024-03-05,324.0,327.8999938964844,319.5,321.70001220703125,320.4486999511719,18301432
2024-03-06,322.95001220703125,333.8999938964844,321.3500061035156,326.3500061035156,325.08056640625,53717380
2024-03-07,329.0,337.3999938964844,324.20001220703125,333.8999938964844,332.6011962890625,35988723
2024-03-11,336.8999938964844,359.8500061035156,332.45001220703125,355.6499938964844,354.2666320800781,121739384
2024-03-12,360.0,374.5,358.75,361.8500061035156,360.4425048828125,111054091
2024-03-13,363.70001220703125,366.8999938964844,324.5,328.20001220703125,326.92340087890625,99102083
2024-03-14,328.0,341.5,318.0,338.3500061035156,337.0339050292969,74698602
2024-03-15,340.0,348.8500061035156,336.45001220703125,344.75,343.4090270996094,55087417
2024-03-18,346.95001220703125,359.70001220703125,342.5,352.54998779296875,351.1786804199219,48365406
2024-03-19,353.3999938964844,357.8999938964844,347.0,353.29998779296875,351.92572021484375,42007913
2024-03-20,353.29998779296875,356.3500061035156,335.6499938964844,337.5,336.1872253417969,50983696
2024-03-21,344.5,348.29998779296875,337.1000061035156,338.70001220703125,337.3825378417969,28731856
2024-03-22,338.0,346.8999938964844,336.70001220703125,344.6499938964844,343.30938720703125,20548126
2024-03-26,345.0,352.5,343.54998779296875,346.1499938964844,344.8035583496094,27168989
2024-03-27,348.25,355.6000061035156,348.0,350.70001220703125,349.33587646484375,50090709
2024-03-28,354.8500061035156,357.75,350.3999938964844,353.75,352.3740234375,22677067
2024-04-01,357.0,364.20001220703125,355.6000061035156,356.95001220703125,355.5615539550781,23644472
2024-04-02,359.0,362.8500061035156,356.5,357.1000061035156,355.71099853515625,29684726
2024-04-03,356.5,359.79998779296875,353.20001220703125,357.1000061035156,355.71099853515625,17920490
2024-04-04,359.3999938964844,367.79998779296875,358.0,361.29998779296875,359.8946228027344,33926426
2024-04-05,361.0,374.8500061035156,359.04998779296875,373.20001220703125,371.74835205078125,46979676
2024-04-08,376.0,378.70001220703125,367.54998779296875,369.25,367.813720703125,32853747
2024-04-09,371.0,374.70001220703125,365.3999938964844,367.70001220703125,366.269775390625,23367026
2024-04-10,369.6499938964844,372.3999938964844,367.54998779296875,370.45001220703125,369.0090637207031,16540320
2024-04-12,370.1499938964844,378.8500061035156,368.20001220703125,372.20001220703125,370.75225830078125,32481005
2024-04-15,362.0,362.95001220703125,351.0,354.29998779296875,352.9218444824219,46281481
2024-04-16,364.8999938964844,371.95001220703125,360.1000061035156,361.8500061035156,360.4425048828125,48921026
2024-04-18,369.1499938964844,384.3999938964844,367.0,378.3999938964844,376.9281311035156,75356224
2024-04-19,378.0,378.1000061035156,368.6499938964844,370.1000061035156,368.660400390625,39515729
2024-04-22,378.0,384.8500061035156,375.25,382.70001220703125,381.21142578125,48640726
2024-04-23,387.0,394.70001220703125,385.0,387.95001220703125,386.4410095214844,35550933
2024-04-24,390.70001220703125,391.5,379.5,381.8500061035156,380.3647155761719,27660953
2024-04-25,381.8500061035156,387.3500061035156,380.25,382.29998779296875,380.81292724609375,17043110
2024-04-26,384.29998779296875,384.8500061035156,380.54998779296875,381.75,380.2651062011719,14131318
2024-04-29,383.6000061035156,384.75,378.04998779296875,380.5,379.01995849609375,16136167
2024-04-30,380.5,383.79998779296875,375.5,377.0,375.5335693359375,16844939
2024-05-02,377.0,381.3500061035156,372.5,379.6499938964844,378.1732482910156,19658857
2024-05-03,380.54998779296875,385.8500061035156,374.3500061035156,375.8999938964844,374.4378356933594,21862922
2024-05-06,378.1000061035156,378.8999938964844,367.79998779296875,370.25,368.8098449707031,13990739
2024-05-07,370.25,370.70001220703125,353.6000061035156,356.25,354.8642883300781,29499389
2024-05-08,355.0,363.79998779296875,352.1000061035156,355.20001220703125,353.8183898925781,20022506
2024-05-09,357.0,359.25,344.6000061035156,345.3999938964844,344.0564880371094,23209803
2024-05-10,346.3999938964844,349.0,336.79998779296875,347.8500061035156,346.4969787597656,24450324
2024-05-13,347.8500061035156,347.8999938964844,335.3999938964844,341.3500061035156,340.0222473144531,20674537
2024-05-14,344.0,353.70001220703125,342.20001220703125,352.45001220703125,351.0790710449219,19646171
2024-05-15,354.04998779296875,358.79998779296875,351.29998779296875,353.8500061035156,352.4736022949219,16860136
2024-05-16,356.3999938964844,359.1499938964844,352.3999938964844,355.04998779296875,353.6689453125,12290684
2024-05-17,357.0,358.3999938964844,355.0,357.20001220703125,355.81060791015625,8815474
2024-05-21,361.0,362.20001220703125,355.75,357.75,356.3584289550781,11792817
2024-05-22,359.0,360.70001220703125,355.20001220703125,357.6499938964844,356.25885009765625,12042414
2024-05-23,357.6499938964844,376.0,357.3999938964844,367.75,366.3195495605469,37524603
2024-05-24,368.5,370.70001220703125,364.20001220703125,365.3999938964844,363.9786682128906,18501102
2024-05-27,368.0,368.6000061035156,359.1499938964844,360.04998779296875,358.64947509765625,15955078
2024-05-28,361.0,363.75,355.25,356.8500061035156,355.4619445800781,9228162
2024-05-29,355.0,356.1499938964844,348.1000061035156,349.20001220703125,347.84173583984375,15141731
2024-05-30,348.75,351.5,346.5,347.75,346.3973693847656,9873346
2024-05-31,355.04998779296875,357.8999938964844,342.1000061035156,344.3500061035156,343.01055908203125,34213953
2024-06-03,368.0,368.0,353.79998779296875,356.1000061035156,354.7148742675781,24058623
2024-06-04,358.0,358.0,307.29998779296875,332.95001220703125,331.6549377441406,59211461
2024-06-05,339.0,347.8999938964844,327.0,345.6000061035156,344.2557067871094,24785002
2024-06-06,350.0,352.79998779296875,348.04998779296875,349.3999938964844,348.0408935546875,16246617
2024-06-07,349.70001220703125,355.3500061035156,347.0,353.1499938964844,351.7763366699219,22668347
2024-06-10,355.25,357.3500061035156,348.70001220703125,350.3500061035156,348.98724365234375,15670416
2024-06-11,351.75,354.5,349.54998779296875,350.25,348.8876037597656,12762033
2024-06-12,351.95001220703125,363.5,351.54998779296875,360.95001220703125,359.5459899902344,29997548
2024-06-13,365.0,366.3999938964844,358.20001220703125,360.79998779296875,359.3965759277344,27424843
2024-06-14,362.0,362.75,356.1000061035156,357.0,355.6113586425781,19858187
2024-06-18,358.75,365.0,357.6000061035156,363.20001220703125,361.7872619628906,22666205
2024-06-19,363.95001220703125,363.95001220703125,357.04998779296875,358.29998779296875,356.9062805175781,15717813
2024-06-20,358.8999938964844,368.29998779296875,358.0,365.54998779296875,364.12811279296875,33575312
2024-06-21,366.0,366.79998779296875,359.1499938964844,360.8999938964844,359.4961853027344,21075778
2024-06-24,356.0,356.3999938964844,352.29998779296875,355.3500061035156,353.9678039550781,16858520
2024-06-25,356.95001220703125,362.5,356.25,359.04998779296875,357.65338134765625,13212387
2024-06-26,358.95001220703125,359.70001220703125,353.1499938964844,356.25,354.8642883300781,27206818
2024-06-27,356.25,358.3999938964844,348.0,353.6000061035156,352.2245788574219,18689181
2024-06-28,357.0,362.0,355.3999938964844,358.1499938964844,356.75689697265625,23411225
2024-07-01,358.1499938964844,358.3999938964844,352.04998779296875,352.79998779296875,351.42767333984375,15688767
2024-07-02,353.20001220703125,355.45001220703125,350.0,351.0,349.63470458984375,12146516
2024-07-03,353.0,356.3999938964844,349.70001220703125,351.29998779296875,349.93353271484375,12102104
2024-07-04,352.0,356.8500061035156,350.29998779296875,350.8500061035156,349.48529052734375,11944846
2024-07-05,350.8500061035156,354.79998779296875,349.1000061035156,352.75,351.3778991699219,15513571
2024-07-08,353.0,353.54998779296875,347.20001220703125,348.29998779296875,346.9451904296875,11525948
2024-07-09,349.1000061035156,353.70001220703125,348.54998779296875,349.8500061035156,348.4891662597656,8908509
2024-07-10,350.3999938964844,350.8999938964844,344.1000061035156,347.95001220703125,346.5965576171875,11556794
2024-07-11,349.5,351.3500061035156,347.0,348.04998779296875,346.6961669921875,8045640
2024-07-12,354.5,356.3999938964844,350.0,350.3500061035156,348.98724365234375,16327807
2024-07-15,354.29998779296875,356.70001220703125,351.70001220703125,355.3999938964844,354.017578125,15488346
2024-07-16,350.0,350.3500061035156,343.1000061035156,344.25,342.91094970703125,25005251
2024-07-18,345.6000061035156,346.1499938964844,336.0,337.0,335.68914794921875,25188963
2024-07-19,337.04998779296875,342.0,332.04998779296875,338.75,337.4323425292969,15349322
2024-07-22,338.75,343.0,334.29998779296875,340.95001220703125,339.6238098144531,12279130
2024-07-23,342.0,342.0,326.0,334.8999938964844,333.5973205566406,13863332
2024-07-24,335.25,339.0,334.6000061035156,334.70001220703125,333.3981018066406,8729363
2024-07-25,333.0,333.6499938964844,328.0,329.20001220703125,327.9195251464844,12201643
2024-07-26,329.8500061035156,336.6499938964844,329.54998779296875,331.8999938964844,330.6089782714844,9688122
2024-07-29,334.5,335.20001220703125,329.5,330.20001220703125,328.9156188964844,12628377
2024-07-30,331.0,331.75,329.1000061035156,329.3500061035156,328.06890869140625,8705901
2024-07-31,329.3500061035156,331.25,327.5,328.5,327.22222900390625,12402209
2024-08-01,329.0,332.8999938964844,328.25,328.70001220703125,327.4214782714844,13137038
2024-08-02,325.95001220703125,328.25,324.54998779296875,326.25,324.9809875488281,7284359
2024-08-05,317.95001220703125,322.20001220703125,315.0,317.04998779296875,315.8167419433594,16751766
2024-08-06,317.1499938964844,322.0,310.0,311.3500061035156,310.1389465332031,12640387
2024-08-07,316.45001220703125,337.20001220703125,313.29998779296875,329.75,328.46734619140625,20755735
2024-08-08,330.0,330.79998779296875,324.0,326.3999938964844,325.1304016113281,9648681
2024-08-09,330.20001220703125,330.5,324.5,325.6000061035156,324.3335266113281,7793704
2024-08-12,325.0,330.95001220703125,322.29998779296875,329.1499938964844,327.86968994140625,12463583
2024-08-13,329.5,336.5,322.0,323.29998779296875,322.0424499511719,15172143
2024-08-14,326.0,326.3500061035156,319.20001220703125,320.20001220703125,318.9544982910156,8040049
2024-08-16,324.0,329.54998779296875,319.54998779296875,328.1499938964844,326.87359619140625,16446600
2024-08-19,331.95001220703125,334.5,328.79998779296875,331.45001220703125,330.1607666015625,13708990
2024-08-20,332.3999938964844,337.95001220703125,332.0,334.1499938964844,332.8502197265625,15772046
2024-08-21,335.8999938964844,337.25,329.5,331.1000061035156,329.8121032714844,18916856
2024-08-22,332.20001220703125,333.3999938964844,328.8999938964844,329.6000061035156,328.3179626464844,8368346
2024-08-23,330.0,333.70001220703125,326.70001220703125,327.1499938964844,325.8774719238281,8935180
2024-08-26,332.70001220703125,334.20001220703125,321.75,323.25,321.9926452636719,26118300
2024-08-27,324.5,326.6000061035156,321.6499938964844,323.6000061035156,322.34130859375,16600233
2024-08-28,327.0,330.25,320.8999938964844,322.25,320.9965515136719,21470187
2024-08-29,324.25,333.1000061035156,323.5,325.6499938964844,324.38330078125,33808226
2024-08-30,327.6499938964844,331.6000061035156,320.6499938964844,321.70001220703125,320.4486999511719,27498340
2024-09-02,323.8999938964844,349.3500061035156,323.1499938964844,344.8999938964844,343.55841064453125,65333808
2024-09-03,351.0,355.0,342.5,350.20001220703125,348.83782958984375,65293715
2024-09-04,345.0,350.29998779296875,343.04998779296875,347.20001220703125,345.8495178222656,22005759
2024-09-05,348.6000061035156,350.45001220703125,344.0,345.3500061035156,344.0066833496094,16406870
2024-09-06,345.0,345.8500061035156,336.0,336.8500061035156,335.5397644042969,17265092
2024-09-09,337.95001220703125,345.8500061035156,329.29998779296875,341.70001220703125,340.3708801269531,18687398
2024-09-10,343.95001220703125,359.75,340.8500061035156,351.5,350.13275146484375,60920830
2024-09-11,352.5,355.3999938964844,343.04998779296875,344.29998779296875,342.96075439453125,22779115
2024-09-12,346.29998779296875,351.95001220703125,342.29998779296875,349.79998779296875,348.4393615722656,18880957
2024-09-13,350.3500061035156,354.3999938964844,346.8999938964844,351.8999938964844,350.53118896484375,17631913
2024-09-16,352.0,354.70001220703125,347.0,348.79998779296875,347.4432373046875,11639025
2024-09-17,348.70001220703125,355.5,344.0,351.6499938964844,350.28216552734375,14931440
2024-09-18,350.5,353.25,345.1000061035156,346.8999938964844,345.5506286621094,12141036
2024-09-19,348.75,350.5,338.45001220703125,346.6499938964844,345.3016357421875,17295767
2024-09-20,348.3999938964844,355.8999938964844,348.3500061035156,353.8999938964844,352.5234069824219,38491941
2024-09-23,354.3500061035156,361.20001220703125,352.25,354.25,352.8720703125,22868793
2024-09-24,353.79998779296875,356.0,349.1000061035156,352.45001220703125,351.0790710449219,20086102
2024-09-25,351.70001220703125,355.0,349.0,352.79998779296875,351.42767333984375,13663033
2024-09-26,352.5,353.6000061035156,348.95001220703125,349.8500061035156,348.4891662597656,11584354
2024-09-27,350.0,363.0,349.1000061035156,359.1499938964844,357.75299072265625,61551034
2024-09-30,357.0,358.1499938964844,349.6000061035156,350.6000061035156,349.23626708984375,26763318
2024-10-01,352.0,353.0,346.25,351.0,349.63470458984375,16421563
2024-10-03,345.0,350.5,339.04998779296875,345.6000061035156,344.2557067871094,24232870
2024-10-04,343.5,345.29998779296875,336.5,338.79998779296875,337.4821472167969,18945511
2024-10-07,346.1000061035156,348.8999938964844,329.20001220703125,336.3500061035156,335.04168701171875,38001804
2024-10-08,334.75,349.70001220703125,333.0,345.6000061035156,344.2557067871094,20853384
2024-10-09,345.0,348.0,341.54998779296875,343.0,341.66583251953125,12692777
2024-10-10,345.0,347.5,343.0,343.79998779296875,342.4626770019531,8914571
2024-10-11,343.45001220703125,344.45001220703125,340.45001220703125,341.5,340.171630859375,8105506
2024-10-14,342.79998779296875,343.45001220703125,339.25,340.04998779296875,338.7272644042969,7284123
2024-10-15,341.95001220703125,341.95001220703125,336.1000061035156,336.75,335.44012451171875,9425660
2024-10-16,337.04998779296875,339.20001220703125,332.5,333.6499938964844,332.3521728515625,10530774
2024-10-17,334.8500061035156,335.0,328.6000061035156,329.1499938964844,327.86968994140625,9765396
2024-10-18,329.1499938964844,332.8999938964844,325.5,330.3500061035156,329.0650329589844,9740536
2024-10-21,334.3999938964844,334.3999938964844,326.04998779296875,327.20001220703125,325.9272766113281,8404918
2024-10-22,328.0,328.3999938964844,311.1000061035156,314.04998779296875,312.82843017578125,16864967
2024-10-23,316.25,321.45001220703125,313.1499938964844,314.70001220703125,313.4759216308594,15298133
2024-10-24,315.0,318.3999938964844,314.8500061035156,316.1000061035156,314.8704528808594,7628619
2024-10-25,317.5,317.8500061035156,306.0,311.20001220703125,309.989501953125,12405373
2024-10-28,314.5,319.25,310.6499938964844,316.6499938964844,315.4183044433594,9290007
2024-10-29,317.70001220703125,326.95001220703125,313.8999938964844,326.20001220703125,324.9311828613281,14904512
2024-10-30,326.75,326.75,318.54998779296875,319.95001220703125,318.70550537109375,11570929
2024-10-31,319.95001220703125,323.8999938964844,317.70001220703125,322.29998779296875,321.04632568359375,6666478
2024-11-01,325.0,326.8500061035156,324.20001220703125,326.20001220703125,324.9311828613281,4366260
2024-11-04,326.79998779296875,326.79998779296875,319.29998779296875,319.8500061035156,318.6058654785156,8097386
2024-11-05,320.0,324.0,318.75,321.8999938964844,320.64788818359375,5979530
2024-11-06,323.95001220703125,327.8999938964844,322.79998779296875,326.04998779296875,324.78173828125,7203398
2024-11-07,327.0,328.5,320.54998779296875,321.54998779296875,320.2992248535156,7046798
2024-11-08,321.70001220703125,322.3500061035156,314.79998779296875,316.04998779296875,314.8206481933594,7871347
2024-11-11,314.0,316.1000061035156,310.6000061035156,312.0,310.7864074707031,8429474
2024-11-12,312.20001220703125,316.1499938964844,310.0,310.25,309.043212890625,5765828
2024-11-13,310.0,310.0,298.0,299.3999938964844,298.2353820800781,14563487
2024-11-14,302.75,320.5,302.75,318.3500061035156,317.1117248535156,42750072
2024-11-18,320.0,322.8999938964844,313.8500061035156,318.79998779296875,317.5599365234375,15570302
2024-11-19,320.0,323.79998779296875,317.1000061035156,319.3500061035156,318.1078186035156,9800376
2024-11-21,317.0,318.8999938964844,313.04998779296875,314.20001220703125,312.97784423828125,9585103
2024-11-22,314.5,317.70001220703125,312.3500061035156,313.79998779296875,312.57940673828125,11366576
2024-11-25,318.8500061035156,325.0,318.0,323.25,321.9926452636719,25530717
2024-11-26,321.45001220703125,326.8999938964844,320.1000061035156,326.04998779296875,324.78173828125,11006017
2024-11-27,325.70001220703125,331.95001220703125,322.3999938964844,328.8999938964844,327.6206359863281,11501641
2024-11-28,328.95001220703125,331.3999938964844,325.0,325.45001220703125,324.18408203125,9679906
2024-11-29,325.54998779296875,332.29998779296875,325.3500061035156,328.3500061035156,327.0727844238281,18285878
2024-12-02,326.0,330.5,325.1000061035156,329.70001220703125,328.4175720214844,8216182
2024-12-03,331.3500061035156,342.45001220703125,329.8500061035156,340.3500061035156,339.026123046875,18445722
2024-12-04,342.1000061035156,347.3500061035156,340.6499938964844,345.20001220703125,343.8572692871094,16774994
2024-12-05,346.75,347.29998779296875,339.6000061035156,341.5,340.171630859375,11818459
2024-12-06,343.04998779296875,343.04998779296875,338.5,338.8999938964844,337.5817565917969,8074543
2024-12-09,338.5,341.29998779296875,335.8999938964844,336.8500061035156,335.5397644042969,10589894
2024-12-10,337.0,337.95001220703125,333.6499938964844,335.1000061035156,333.79656982421875,7366133
2024-12-11,334.70001220703125,345.0,333.29998779296875,343.0,341.66583251953125,20098921
2024-12-12,343.79998779296875,346.29998779296875,337.20001220703125,338.29998779296875,336.9841003417969,10639649
2024-12-13,337.0,340.70001220703125,330.6499938964844,339.75,338.428466796875,9126606
2024-12-16,339.25,342.45001220703125,338.1499938964844,340.3500061035156,339.026123046875,6632276
2024-12-17,339.04998779296875,340.8999938964844,335.8999938964844,337.1000061035156,335.7887878417969,8027327
2024-12-18,336.0,337.0,323.54998779296875,324.6000061035156,323.33740234375,13957883
2024-12-19,318.0,319.8999938964844,310.75,313.0,311.7825012207031,21490551
2024-12-20,314.75,314.75,302.79998779296875,304.29998779296875,303.1163330078125,19669669
2024-12-23,308.79998779296875,308.8500061035156,302.04998779296875,304.70001220703125,303.5148010253906,11299664
2024-12-24,304.70001220703125,307.0,303.6000061035156,304.70001220703125,303.5148010253906,6911511
2024-12-26,304.70001220703125,306.70001220703125,302.8999938964844,305.54998779296875,304.3614807128906,8189884
2024-12-27,305.95001220703125,307.3500061035156,304.5,304.95001220703125,303.7638244628906,6020942
2024-12-30,305.0,308.95001220703125,301.0,306.25,305.05877685546875,45642158
2024-12-31,303.8500061035156,303.8500061035156,296.25,298.70001220703125,297.53814697265625,17838917
2025-01-01,298.8999938964844,306.3999938964844,298.79998779296875,304.45001220703125,303.2657775878906,8948678
2025-01-02,306.0,307.0,303.3500061035156,304.70001220703125,303.5148010253906,18554117
2025-01-03,306.70001220703125,310.8999938964844,304.25,307.45001220703125,306.2541198730469,25288548
2025-01-06,307.70001220703125,308.45001220703125,295.25,296.70001220703125,295.5459289550781,15616967
2025-01-07,298.0,301.0,297.25,299.1499938964844,297.98638916015625,8305881
2025-01-08,300.5,300.8500061035156,296.25,298.6000061035156,297.43853759765625,10545440
2025-01-09,298.5,298.5,288.79998779296875,289.25,288.1248779296875,15072307
2025-01-10,290.0,290.95001220703125,280.0,280.54998779296875,279.4587097167969,13906821
2025-01-13,277.79998779296875,278.0,265.04998779296875,266.1499938964844,265.11474609375,22870943
2025-01-14,267.45001220703125,274.0,264.20001220703125,272.8500061035156,271.7886962890625,19834738
2025-01-15,275.0,276.0,271.25,272.3999938964844,271.3404235839844,12932861
2025-01-16,277.0,278.79998779296875,274.8500061035156,276.79998779296875,275.7232971191406,9804897
2025-01-17,280.0,281.29998779296875,275.70001220703125,279.0,277.9147644042969,12895002
2025-01-20,279.0,280.0,271.1499938964844,275.70001220703125,274.6275939941406,15616628
2025-01-21,276.0,277.5,258.3999938964844,260.1000061035156,259.0882873535156,25289898
2025-01-22,261.70001220703125,263.6000061035156,254.0500030517578,262.79998779296875,261.77777099609375,19045792
2025-01-23,263.5,267.3999938964844,253.60000610351562,255.85000610351562,254.8548126220703,26848859
2025-01-24,256.0,257.3500061035156,243.5500030517578,244.4499969482422,243.49916076660156,38379153
2025-01-27,243.0,243.39999389648438,231.0500030517578,233.3000030517578,232.39251708984375,32924181
2025-01-28,237.0,238.5,231.3000030517578,233.39999389648438,232.49212646484375,32439612
2025-01-29,235.0,240.64999389648438,233.0,238.3000030517578,237.37307739257812,23719434
2025-01-30,240.64999389648438,242.25,233.5,234.8000030517578,233.88668823242188,27503919
2025-01-31,237.0,243.75,235.8000030517578,241.64999389648438,240.7100372314453,31130589
2025-02-01,244.39999389648438,245.5500030517578,239.25,241.50999450683594,240.57057189941406,24079793
2025-02-03,239.0,239.55999755859375,232.89999389648438,233.97000122070312,233.05992126464844,15183090
2025-02-04,236.39999389648438,246.9499969482422,235.0,245.10000610351562,244.14662170410156,23138568
2025-02-05,246.64999389648438,254.33999633789062,246.60000610351562,249.82000732421875,248.84828186035156,28695524
2025-02-06,252.60000610351562,253.7899932861328,248.64999389648438,250.47999572753906,249.5056915283203,16298230
2025-02-07,248.39999389648438,252.75,246.1300048828125,249.4499969482422,248.4796905517578,11922059
2025-02-10,249.27999877929688,250.0,242.05999755859375,242.9600067138672,242.0149688720703,11175493
2025-02-11,242.0,243.17999267578125,234.75,235.94000244140625,235.0222625732422,15330326
2025-02-12,233.0,233.97999572753906,223.22999572753906,227.6199951171875,226.734619140625,45167995
2025-02-13,228.17999267578125,233.0500030517578,227.0,228.05999755859375,227.17291259765625,15841475
2025-02-14,230.0,230.83999633789062,219.14999389648438,222.2899932861328,221.42535400390625,22176523
2025-02-17,222.25,224.0,217.13999938964844,222.4499969482422,221.584716796875,21988192
2025-02-18,223.55999755859375,223.97999572753906,217.00999450683594,221.02000427246094,220.16029357910156,19138944
2025-02-19,221.02000427246094,229.6999969482422,219.25999450683594,228.9199981689453,228.02955627441406,14085762
2025-02-20,228.0,235.89999389648438,225.89999389648438,235.27000427246094,234.3548583984375,15681050
2025-02-21,236.0,238.5500030517578,232.63999938964844,233.6699981689453,232.76107788085938,15152682
2025-02-24,231.0,233.5,228.00999450683594,228.4499969482422,227.56138610839844,14715002
2025-02-25,229.58999633789062,231.6699981689453,225.25,226.32000732421875,225.43968200683594,11683220
2025-02-27,226.36000061035156,228.0,221.0500030517578,221.6999969482422,220.837646484375,16215296
2025-02-28,219.25999450683594,219.89999389648438,207.0,207.61000061035156,206.8024444580078,50855490
2025-03-03,210.0,210.25,198.64999389648438,200.9199981689453,200.1384735107422,51311993
2025-03-04,199.99000549316406,208.0399932861328,199.02000427246094,206.3800048828125,205.57723999023438,50579885
2025-03-05,207.0,217.66000366210938,207.0,217.10000610351562,216.2555389404297,36954756
2025-03-06,222.0,222.38999938964844,218.05999755859375,219.94000244140625,219.08448791503906,24296337
2025-03-07,220.0,224.5,218.7899932861328,221.80999755859375,220.9472198486328,27997558
2025-03-10,222.60000610351562,224.89999389648438,215.5,216.5,215.65786743164062,19521402
2025-03-11,214.6999969482422,218.99000549316406,213.00999450683594,217.55999755859375,216.7137451171875,20118890
2025-03-12,220.0,226.5,216.72000122070312,225.52999877929688,224.65274047851562,28455086
2025-03-13,227.8800048828125,228.94000244140625,221.32000732421875,222.60000610351562,221.73414611816406,25219084
2025-03-17,223.1199951171875,223.85000610351562,218.5399932861328,219.52000427246094,218.66612243652344,22290255
2025-03-18,219.52000427246094,219.52000427246094,219.52000427246094,219.52000427246094,218.66612243652344,0
2025-03-19,227.27000427246094,231.25,225.63999938964844,228.83999633789062,227.94985961914062,21456932
2025-03-20,231.0,234.25,228.9499969482422,231.69000244140625,230.78878784179688,24426400
2025-03-21,232.0,235.94000244140625,228.0500030517578,229.1199951171875,228.22879028320312,46879564
2025-03-24,231.89999389648438,234.4600067138672,230.6999969482422,232.67999267578125,231.77491760253906,26607361
2025-03-25,234.10000610351562,234.1999969482422,226.30999755859375,227.52999877929688,226.6449737548828,22492788
2025-03-26,228.0,228.89999389648438,222.00999450683594,222.6699981689453,221.8038787841797,19372538
2025-03-27,222.1699981689453,228.0,221.3300018310547,225.77999877929688,224.9017791748047,188868886
2025-03-28,227.17999267578125,232.3000030517578,226.11000061035156,227.50999450683594,226.6250457763672,30356334
2025-04-01,227.0,231.2899932861328,225.2100067138672,230.4199981689453,229.5237274169922,18781790
2025-04-02,230.99000549316406,230.99000549316406,225.3000030517578,229.77999877929688,228.88621520996094,16203186
2025-04-03,227.0,231.7899932861328,226.5,230.41000366210938,229.51376342773438,11752612
2025-04-04,230.0500030517578,230.35000610351562,220.8000030517578,222.32000732421875,221.4552459716797,20832533
2025-04-07,203.10000610351562,215.0,203.10000610351562,213.52000427246094,212.689453125,25772065
2025-04-08,217.0,225.5,216.6199951171875,224.80999755859375,223.93553161621094,25131280
2025-04-09,224.0,224.0,218.25,220.9199981689453,220.0606689453125,19372735
2025-04-11,225.77999877929688,230.97999572753906,223.72000122070312,230.02000427246094,229.1252899169922,24630876
2025-04-15,235.89999389648438,239.49000549316406,232.60000610351562,238.57000732421875,237.64202880859375,27663804
2025-04-16,239.0500030517578,242.75,237.25999450683594,242.27999877929688,241.3376007080078,27720767
2025-04-17,242.94000244140625,248.0,238.3000030517578,246.47000122070312,245.51129150390625,30422206
2025-04-21,250.0,250.0,244.5,246.3800048828125,245.42166137695312,31786610
2025-04-22,245.5,251.33999633789062,243.6999969482422,250.55999755859375,249.58538818359375,30235264
2025-04-23,252.0,258.54998779296875,251.38999938964844,258.1400146484375,257.1358947753906,37568336
2025-04-24,258.0,259.79998779296875,256.5,258.7799987792969,257.7734375,17152009
2025-04-25,258.7799987792969,261.6199951171875,249.10000610351562,253.0500030517578,252.06570434570312,33348716
2025-04-28,252.38999938964844,259.70001220703125,252.3000030517578,257.8999938964844,256.8968505859375,19380922
2025-04-29,258.1000061035156,259.75,255.60000610351562,257.6300048828125,256.62786865234375,12494831
2025-04-30,256.0,263.29998779296875,255.1999969482422,260.4200134277344,259.40704345703125,32058337
2025-05-02,262.8999938964844,265.20001220703125,257.75,259.3500061035156,258.3412170410156,16935190
2025-05-05,259.6000061035156,262.3999938964844,259.29998779296875,260.6000061035156,259.5863342285156,10986246
2025-05-06,259.25,260.75,250.39999389648438,251.1999969482422,250.222900390625,18568703
2025-05-07,245.0500030517578,256.70001220703125,245.0500030517578,256.1000061035156,255.10385131835938,19393399
2025-05-08,256.1000061035156,258.29998779296875,249.39999389648438,251.4499969482422,250.471923828125,14849940
2025-05-09,244.10000610351562,250.0,242.0,248.35000610351562,247.38400268554688,25011071
2025-05-12,258.95001220703125,263.5,257.0,262.8999938964844,261.87738037109375,19437052
2025-05-13,263.20001220703125,268.95001220703125,261.5,267.3999938964844,266.3598937988281,19305043
2025-05-14,268.79998779296875,269.95001220703125,265.20001220703125,267.5,266.4595031738281,13255755
2025-05-15,268.0,274.6000061035156,265.5,273.70001220703125,272.6353759765625,16201350
2025-05-16,274.1000061035156,277.95001220703125,273.04998779296875,277.0,275.92254638671875,13449060
2025-05-19,277.0,279.3500061035156,275.75,277.04998779296875,275.97235107421875,10202024
2025-05-20,277.1000061035156,278.0,270.8500061035156,271.45001220703125,270.3941345214844,12885413
2025-05-21,271.5,275.5,270.3500061035156,274.3500061035156,273.2828369140625,10476515
2025-05-22,274.45001220703125,277.3500061035156,271.3999938964844,274.54998779296875,273.4820556640625,13207455
2025-05-23,274.95001220703125,283.6499938964844,274.54998779296875,281.75,280.6540832519531,13548313
2025-05-26,282.75,284.70001220703125,281.3500061035156,281.75,280.6540832519531,8653797
2025-05-27,280.0,292.8999938964844,279.1000061035156,291.3999938964844,290.2665100097656,24400393
2025-05-28,296.04998779296875,299.25,288.79998779296875,290.3500061035156,289.2206115722656,37169009
2025-05-29,291.75,292.04998779296875,285.5,287.8500061035156,286.7303466796875,15854792
2025-05-30,288.0,291.0,285.6000061035156,286.6499938964844,285.5350036621094,17881681
2025-06-02,286.95001220703125,289.20001220703125,283.3999938964844,286.45001220703125,285.3357849121094,12638716
2025-06-03,287.75,290.79998779296875,283.1000061035156,283.8999938964844,282.7956848144531,9276084
2025-06-04,283.8999938964844,291.70001220703125,282.5,290.3500061035156,289.2206115722656,13640678
2025-06-05,292.0,293.0,289.54998779296875,291.5,290.3661193847656,11867068
2025-06-06,292.0,296.8999938964844,290.5,294.0,292.8564147949219,15858719
2025-06-09,296.0,305.5,295.6499938964844,304.25,303.0665588378906,26608267
2025-06-10,305.79998779296875,306.8500061035156,302.1000061035156,302.79998779296875,301.6221923828125,15246190
2025-06-11,303.5,306.79998779296875,299.70001220703125,302.6499938964844,301.4727783203125,17551031
2025-06-12,303.8500061035156,303.8500061035156,295.0,296.0,294.8486328125,16175003
2025-06-13,288.0,295.29998779296875,287.79998779296875,294.04998779296875,292.90618896484375,16908691
2025-06-16,293.5,294.95001220703125,287.5,294.1499938964844,293.0058288574219,16256316
2025-06-17,295.0,295.5,289.3999938964844,289.79998779296875,288.6727294921875,8857573
2025-06-18,289.0,292.6499938964844,287.3500061035156,288.1499938964844,287.0291442871094,8400088
2025-06-19,289.5,290.6000061035156,282.70001220703125,284.1000061035156,282.99493408203125,13910925
2025-06-20,283.20001220703125,295.0,283.0,294.25,293.1054382324219,21062467
2025-06-23,288.54998779296875,295.8999938964844,287.45001220703125,293.1499938964844,292.00970458984375,13408538
2025-06-24,298.0,304.3999938964844,297.1000061035156,300.79998779296875,299.62994384765625,24073049
2025-06-25,303.70001220703125,304.95001220703125,302.0,303.29998779296875,302.1202087402344,11854474
2025-06-26,304.79998779296875,312.8999938964844,304.1000061035156,312.5,311.2844543457031,37158992
2025-06-27,314.1000061035156,329.29998779296875,312.8500061035156,323.45001220703125,322.1918640136719,60666211
2025-06-30,326.8999938964844,331.8999938964844,325.20001220703125,326.75,325.4790344238281,36746297
2025-07-01,328.20001220703125,331.8999938964844,327.1000061035156,329.6000061035156,328.3179626464844,20683383
2025-07-02,330.20001220703125,330.95001220703125,325.04998779296875,326.70001220703125,325.42926025390625,13385187
2025-07-03,327.54998779296875,328.75,324.54998779296875,325.04998779296875,323.78564453125,11497044
2025-07-04,326.0,327.6000061035156,323.3500061035156,324.95001220703125,323.68603515625,9623498
2025-07-07,324.95001220703125,329.70001220703125,323.04998779296875,328.04998779296875,326.7739562988281,13172854
2025-07-08,329.0,330.70001220703125,324.75,328.8500061035156,327.57086181640625,13953335
2025-07-09,329.0,335.29998779296875,328.75,329.8500061035156,328.5669860839844,24522736
2025-07-10,330.5,333.3999938964844,329.0,331.6499938964844,330.3599548339844,13973005
2025-07-11,331.0,331.0,325.0,325.79998779296875,324.5326843261719,14554942
2025-07-14,325.0,327.70001220703125,317.6499938964844,319.1000061035156,317.8587951660156,17980889
2025-07-15,321.1000061035156,322.54998779296875,318.29998779296875,321.20001220703125,319.95062255859375,12753151
2025-07-16,321.0,322.70001220703125,318.6499938964844,319.54998779296875,318.3070068359375,14151922
2025-07-17,320.1000061035156,320.95001220703125,317.3500061035156,318.1499938964844,316.9124755859375,12037735
2025-07-18,320.5,323.95001220703125,313.75,316.8500061035156,315.6175537109375,29776471
2025-07-21,318.20001220703125,320.79998779296875,314.1000061035156,317.25,316.0159912109375,16996843
2025-07-22,318.0,318.45001220703125,309.8500061035156,310.79998779296875,309.591064453125,15797945
2025-07-23,311.6000061035156,315.20001220703125,311.6000061035156,314.45001220703125,313.2268981933594,9726960
2025-07-24,315.0,319.3999938964844,313.45001220703125,316.45001220703125,315.2190856933594,11348072
2025-07-25,315.54998779296875,315.54998779296875,310.20001220703125,311.25,310.0393371582031,10957081
2025-07-28,311.25,315.8500061035156,306.5,307.3500061035156,306.1545104980469,15732708
2025-07-29,306.29998779296875,322.5,306.29998779296875,321.1000061035156,319.85101318359375,27086587
2025-07-30,323.0,324.0,319.70001220703125,320.29998779296875,319.0541076660156,15393963
2025-07-31,317.0,332.6499938964844,316.45001220703125,329.25,327.96929931640625,49292436
2025-08-01,329.95001220703125,332.70001220703125,326.0,329.5,328.2183532714844,19635750
2025-08-04,329.8500061035156,335.5,328.6000061035156,333.8999938964844,332.6011962890625,19850637
2025-08-05,334.45001220703125,338.6000061035156,331.5,332.8500061035156,331.5552978515625,16052991
2025-08-06,333.20001220703125,333.6000061035156,325.6000061035156,326.54998779296875,325.27978515625,11615135
2025-08-07,323.0,328.0,316.79998779296875,325.5,324.23388671875,16461908
2025-08-08,325.1000061035156,326.0,320.1000061035156,321.1499938964844,319.90081787109375,10312947
2025-08-11,321.0,328.6000061035156,320.79998779296875,327.75,326.9842224121094,11342718
2025-08-12,327.95001220703125,331.70001220703125,326.54998779296875,327.0,326.2359924316406,10094423
2025-08-13,328.6000061035156,332.6000061035156,328.6000061035156,330.6000061035156,329.82757568359375,11363627
2025-08-14,330.6000061035156,331.95001220703125,325.8500061035156,327.3999938964844,326.6350402832031,8079069
2025-08-18,331.25,333.70001220703125,327.6000061035156,329.3500061035156,328.58050537109375,9341169
2025-08-19,330.0,333.20001220703125,328.45001220703125,331.29998779296875,330.5259094238281,8842923
2025-08-20,330.8500061035156,331.0,327.04998779296875,328.45001220703125,327.6826171875,8822662
2025-08-21,329.0,329.3999938964844,322.6000061035156,323.8500061035156,323.0933532714844,10947441
2025-08-22,324.79998779296875,326.29998779296875,320.1000061035156,320.6000061035156,319.8509521484375,8800338
2025-08-25,322.0,322.3500061035156,318.3500061035156,319.70001220703125,318.95306396484375,11445521
2025-08-26,319.5,320.1499938964844,314.20001220703125,315.75,315.01226806640625,10076775
2025-08-28,315.75,316.8999938964844,309.5,310.1000061035156,309.37548828125,15243091
2025-08-29,311.0,316.6499938964844,309.3500061035156,311.70001220703125,310.97174072265625,17274984
2025-09-01,311.70001220703125,314.5,307.20001220703125,314.04998779296875,313.31622314453125,11486206
2025-09-02,314.20001220703125,316.25,311.0,311.75,311.0216064453125,13220799
2025-09-03,311.0,314.70001220703125,309.79998779296875,313.70001220703125,312.9670715332031,11360605
2025-09-04,315.25,316.0,309.0,309.45001220703125,308.72698974609375,10392904
2025-09-05,310.0,313.8999938964844,308.8999938964844,309.3999938964844,308.6770935058594,8618197
2025-09-08,310.75,313.3500061035156,309.6000061035156,311.1000061035156,310.3731384277344,6198613
2025-09-09,311.1000061035156,312.3500061035156,307.25,307.95001220703125,307.2304992675781,10103729
2025-09-10,310.0,313.3999938964844,309.25,310.04998779296875,309.3255615234375,10838910
2025-09-11,310.04998779296875,312.5,309.95001220703125,310.70001220703125,309.9740905761719,6146666
2025-09-12,311.04998779296875,312.20001220703125,310.0,311.20001220703125,310.472900390625,6049420
2025-09-15,311.04998779296875,316.6499938964844,310.0,315.3500061035156,314.61322021484375,14414947
2025-09-16,315.79998779296875,317.79998779296875,314.29998779296875,315.45001220703125,314.7129821777344,10963429
2025-09-17,315.8999938964844,318.70001220703125,315.0,315.8500061035156,315.1120300292969,8836571
2025-09-18,316.29998779296875,317.95001220703125,315.8999938964844,317.3500061035156,316.6085510253906,9396848
2025-09-19,317.6000061035156,321.6000061035156,315.79998779296875,317.0,316.25933837890625,17671561
2025-09-22,317.0,319.0,312.79998779296875,313.8500061035156,313.11669921875,7711667
2025-09-23,313.8500061035156,315.0,310.75,312.54998779296875,311.8197326660156,11896537
2025-09-24,314.0,314.1000061035156,306.0,306.75,306.0332946777344,11253782
2025-09-25,306.75,308.29998779296875,301.0,301.6000061035156,300.89532470703125,12147554
2025-09-26,300.8999938964844,301.6000061035156,294.3500061035156,295.8500061035156,295.1587829589844,11503280
2025-09-29,296.0,299.8999938964844,293.3999938964844,294.20001220703125,293.51263427734375,9607887
2025-09-30,295.0,296.79998779296875,292.20001220703125,293.20001220703125,292.51495361328125,10119815
2025-10-01,294.0,300.8500061035156,293.04998779296875,300.04998779296875,299.34893798828125,8551743
2025-10-03,300.04998779296875,302.95001220703125,298.79998779296875,301.70001220703125,300.9951171875,8773415
2025-10-06,302.0,306.6499938964844,301.5,306.25,305.5344543457031,8816471
2025-10-07,306.3500061035156,315.0,306.29998779296875,309.8999938964844,309.1759338378906,18717966
2025-10-08,309.8999938964844,310.95001220703125,304.20001220703125,304.6499938964844,303.9382019042969,7853613
2025-10-09,305.29998779296875,308.1499938964844,305.29998779296875,307.3500061035156,306.63189697265625,6279739
2025-10-10,307.0,310.3999938964844,306.6499938964844,308.1499938964844,307.4300231933594,7654597
2025-10-13,306.0,308.79998779296875,304.70001220703125,308.45001220703125,307.7293395996094,6533659
2025-10-14,309.6499938964844,310.79998779296875,305.1000061035156,305.6000061035156,304.885986328125,7420573
2025-10-15,305.6000061035156,312.95001220703125,305.6000061035156,312.6499938964844,311.91949462890625,14796118
2025-10-16,314.04998779296875,314.29998779296875,310.6000061035156,312.1000061035156,311.37078857421875,10445546
2025-10-17,313.54998779296875,314.75,307.04998779296875,309.29998779296875,308.57733154296875,13963053
2025-10-20,309.20001220703125,315.79998779296875,309.1000061035156,310.70001220703125,309.9740905761719,14883909
2025-10-21,311.45001220703125,313.29998779296875,311.04998779296875,311.79998779296875,311.07147216796875,3190393
2025-10-23,312.0,313.8500061035156,308.3999938964844,309.04998779296875,308.3279113769531,11107313
2025-10-24,310.0,311.1499938964844,305.5,305.95001220703125,305.23516845703125,8292307
2025-10-27,306.8500061035156,307.8999938964844,305.1499938964844,305.54998779296875,304.8360900878906,8333968
2025-10-28,306.1000061035156,308.75,305.04998779296875,307.95001220703125,307.2304992675781,11236088
2025-10-29,307.79998779296875,310.75,307.6000061035156,309.75,309.0262756347656,8605721
2025-10-30,310.1000061035156,312.79998779296875,309.1499938964844,309.79998779296875,309.076171875,8517048
2025-10-31,309.0,310.95001220703125,306.25,306.79998779296875,306.0831604003906,6533999
2025-11-03,306.20001220703125,308.3999938964844,303.5,306.79998779296875,306.0831604003906,8075806
2025-11-04,306.0,306.95001220703125,301.3500061035156,301.8999938964844,301.1946105957031,8396727
2025-11-06,301.8999938964844,303.20001220703125,297.5,298.1000061035156,297.40350341796875,8339076
2025-11-07,297.0,300.1499938964844,293.5,299.29998779296875,298.6006774902344,9364502
2025-11-10,299.6499938964844,303.3999938964844,299.6499938964844,301.95001220703125,301.2445373535156,8870055
2025-11-11,302.0,305.6499938964844,297.6499938964844,304.8999938964844,304.1876220703125,10752137
2025-11-12,305.29998779296875,310.29998779296875,305.25,309.5,308.7768859863281,12029642
2025-11-13,310.0,316.6000061035156,309.70001220703125,310.70001220703125,309.9740905761719,15761851
2025-11-14,311.0,315.70001220703125,309.29998779296875,314.8999938964844,314.16424560546875,13675544
2025-11-17,316.0,316.8500061035156,311.1499938964844,312.0,311.2710266113281,8876003
2025-11-18,311.1499938964844,311.8500061035156,305.45001220703125,305.95001220703125,305.23516845703125,8869128
2025-11-19,305.8500061035156,306.3999938964844,303.6000061035156,304.45001220703125,303.7386779785156,5882303
2025-11-20,305.6000061035156,309.6000061035156,305.20001220703125,308.3500061035156,307.62957763671875,7784069
2025-11-21,307.0,308.3500061035156,303.0,303.54998779296875,302.84075927734375,5973657
2025-11-24,303.29998779296875,304.3500061035156,299.1000061035156,299.8500061035156,299.1494140625,12349069
2025-11-25,299.75,303.3999938964844,299.6000061035156,300.79998779296875,300.0971984863281,7131282
2025-11-26,301.5,308.6499938964844,301.5,308.0,307.2803649902344,8885249
2025-11-27,309.0,309.79998779296875,305.0,306.45001220703125,305.7340087890625,5565162
2025-11-28,306.1499938964844,308.0,305.5,306.20001220703125,305.4845886230469,5488672
2025-12-01,307.1000061035156,308.1499938964844,303.54998779296875,304.75,304.0379638671875,6225454
2025-12-02,303.0,307.0,303.0,304.8500061035156,304.13775634765625,8589532
2025-12-03,305.0,305.70001220703125,298.45001220703125,301.0,300.2967224121094,8408528
2025-12-04,301.0,303.45001220703125,300.0,302.25,301.5438232421875,5601692
2025-12-05,302.0,304.45001220703125,300.25,303.75,303.0403137207031,6506083
2025-12-08,303.0,304.25,295.25,297.20001220703125,296.505615234375,12432114
2025-12-09,296.1499938964844,296.79998779296875,288.75,293.20001220703125,292.51495361328125,13376328
2025-12-10,294.0,295.3999938964844,289.25,290.8500061035156,290.1704406738281,8655536
2025-12-11,291.0,299.0,290.0,298.45001220703125,297.7527160644531,9589482
2025-12-12,300.0,302.3999938964844,298.75,300.75,300.04730224609375,7955711
2025-12-15,299.0,300.3999938964844,297.54998779296875,299.6000061035156,298.8999938964844,4850351
2025-12-16,298.04998779296875,298.75,294.5,295.25,294.5601501464844,7141463
2025-12-17,295.0,296.0,291.70001220703125,293.1499938964844,292.4650573730469,5906902
2025-12-18,292.70001220703125,293.54998779296875,289.75,292.29998779296875,291.6170349121094,6478984
2025-12-19,294.1000061035156,297.79998779296875,293.3500061035156,296.95001220703125,296.2561950683594,8767177
2025-12-22,298.0,299.95001220703125,297.8999938964844,298.75,298.052001953125,5136735
2025-12-23,299.54998779296875,299.75,297.70001220703125,298.70001220703125,298.0021057128906,5346120
2025-12-24,298.70001220703125,302.6000061035156,298.04998779296875,298.8999938964844,298.2016296386719,6548391
2025-12-26,298.0,299.79998779296875,296.1499938964844,296.95001220703125,296.2561950683594,3945249
2025-12-29,297.0,297.54998779296875,293.3500061035156,293.95001220703125,293.2632141113281,4713140
2025-12-30,293.0,293.8500061035156,291.3999938964844,292.5,291.81658935546875,6850674
2025-12-31,292.6000061035156,296.8999938964844,292.6000061035156,294.95001220703125,294.2608642578125,6540400
2026-01-01,295.3999938964844,296.75,294.1499938964844,295.70001220703125,295.0091247558594,3697802
2026-01-02,295.6000061035156,303.0,295.5,301.70001220703125,300.9951171875,10604978
2026-01-05,301.79998779296875,302.45001220703125,298.8500061035156,300.3999938964844,299.6981201171875,6971528
2026-01-06,300.1000061035156,302.29998779296875,293.5,298.54998779296875,297.8524475097656,10930694
2026-01-07,298.0,306.0,296.6499938964844,303.5,302.7908935546875,20416851
2026-01-08,303.29998779296875,304.29998779296875,292.1499938964844,293.54998779296875,292.8641357421875,12255998
2026-01-09,292.0,294.6000061035156,286.1499938964844,287.25,286.578857421875,11375541
2026-01-12,287.25,289.0,280.75,288.25,287.5765075683594,12216471
2026-01-13,289.1000061035156,290.20001220703125,281.8999938964844,284.6000061035156,283.93505859375,12956779
2026-01-14,281.95001220703125,287.8500061035156,281.8500061035156,287.0,286.3294372558594,6701056
2026-01-15,287.0,287.0,287.0,287.0,286.3294372558594,0
2026-01-16,287.0,291.0,277.1499938964844,278.79998779296875,278.1485900878906,18934861
2026-01-19,279.3999938964844,281.6499938964844,274.1000061035156,275.6499938964844,275.0059509277344,13006403
2026-01-20,275.1000061035156,276.45001220703125,263.20001220703125,265.5,264.8796691894531,18750739
2026-01-21,265.29998779296875,269.20001220703125,262.5,263.25,262.6349182128906,19266179
2026-01-22,267.0,268.1499938964844,259.75,262.6000061035156,261.9864501953125,12282969
2026-01-23,264.0,266.25,252.25,252.89999389648438,252.30911254882812,14857605
2026-01-27,253.8000030517578,257.5,250.1999969482422,256.04998779296875,255.4517364501953,14773866
2026-01-28,257.8500061035156,258.3999938964844,253.0,255.1999969482422,254.60372924804688,19034680
2026-01-29,255.8000030517578,256.8500061035156,252.4499969482422,254.5,253.90538024902344,12165356
2026-01-30,253.0,257.6000061035156,249.5500030517578,254.5,253.90538024902344,13448707
2026-02-02,242.39999389648438,245.3000030517578,237.0,244.10000610351562,243.52967834472656,17248818
2026-02-03,260.04998779296875,267.0,256.95001220703125,263.8999938964844,263.2834167480469,40223294
2026-02-04,265.0,269.8999938964844,263.95001220703125,268.0,267.37384033203125,14556924
2026-02-05,268.1000061035156,271.6499938964844,267.5,269.95001220703125,269.31927490234375,15768740
2026-02-06,269.95001220703125,270.3999938964844,266.5,268.1000061035156,267.4736022949219,8939766
2026-02-09,270.54998779296875,271.3999938964844,268.75,269.25,268.62091064453125,8211716
2026-02-10,270.0,274.3500061035156,269.0,270.20001220703125,269.5686950683594,12632673
2026-02-11,271.0,271.6000061035156,268.29998779296875,270.29998779296875,269.66845703125,6544008
2026-02-12,270.0,270.1000061035156,266.70001220703125,267.54998779296875,266.92486572265625,8681589
2026-02-13,265.0,267.25,262.8500061035156,263.95001220703125,263.33331298828125,12222314
2026-02-16,262.04998779296875,263.25,259.54998779296875,262.54998779296875,261.9365539550781,13826571
2026-02-17,262.3999938964844,264.20001220703125,260.8999938964844,262.29998779296875,261.6871337890625,7407032
2026-02-18,263.0,264.5,261.75,264.1000061035156,263.4829406738281,9451007
2026-02-19,264.1000061035156,265.54998779296875,257.3500061035156,258.6000061035156,257.99578857421875,8482281
2026-02-20,258.1000061035156,260.75,257.54998779296875,258.6000061035156,257.99578857421875,11215176
2026-02-23,260.0,260.3999938964844,256.1499938964844,257.79998779296875,257.1976623535156,9454337
2026-02-24,257.20001220703125,257.20001220703125,253.1999969482422,255.25,254.65362548828125,10953963
2026-02-25,257.04998779296875,259.45001220703125,255.64999389648438,256.95001220703125,256.34967041015625,8837176
2026-02-26,257.5,258.8500061035156,255.35000610351562,256.1499938964844,255.551513671875,8691253
2026-02-27,257.0,259.20001220703125,254.64999389648438,255.39999389648438,254.8032684326172,13283249
2026-03-02,246.5500030517578,252.35000610351562,243.5500030517578,249.0,248.41822814941406,18412891
2026-03-04,245.0,245.39999389648438,239.8000030517578,241.3000030517578,240.73622131347656,13886010
2026-03-05,243.5,244.25,237.75,243.10000610351562,242.53201293945312,13760060
2026-03-06,242.1999969482422,243.4499969482422,238.89999389648438,239.35000610351562,238.790771484375,12566465
2026-03-09,233.9499969482422,233.9499969482422,226.3000030517578,232.25,231.70736694335938,19524751
2026-03-10,236.9499969482422,237.5500030517578,231.35000610351562,236.0,235.44859313964844,23126145
2026-03-11,237.89999389648438,242.8000030517578,237.5,238.6999969482422,238.1422882080078,16495797
2026-03-12,237.39999389648438,245.39999389648438,234.0,242.1999969482422,241.6341094970703,18865160
2026-03-13,240.0,240.60000610351562,234.25,235.25,234.70034790039062,13328248
2026-03-16,235.0,238.0,230.6999969482422,234.35000610351562,233.80245971679688,14936668
2026-03-17,235.0,238.6999969482422,234.35000610351562,237.60000610351562,237.04486083984375,10638093
2026-03-18,238.89999389648438,250.5,237.9499969482422,248.1999969482422,247.62008666992188,19579987
2026-03-19,242.9499969482422,244.85000610351562,237.60000610351562,239.4499969482422,238.89053344726562,15046012
2026-03-20,242.0,244.25,238.60000610351562,239.3000030517578,238.7408905029297,15021105
2026-03-23,236.1999969482422,236.3000030517578,225.39999389648438,226.10000610351562,225.5717315673828,21172068
2026-03-24,232.85000610351562,234.0,227.75,232.6999969482422,232.15631103515625,16119867
2026-03-25,235.0,241.0,234.75,237.35000610351562,236.7954559326172,15684548
2026-03-27,236.0,236.5,231.5500030517578,232.5500030517578,232.0066680908203,19784233
2026-03-30,228.89999389648438,231.5,223.3000030517578,224.10000610351562,223.576416015625,25943393
2026-04-01,233.0399932861328,233.0399932861328,228.0,231.92999267578125,231.3881072998047,21603793
2026-04-02,227.85000610351562,230.13999938964844,223.5500030517578,229.47999572753906,228.94383239746094,18541635
2026-04-06,230.8000030517578,236.0,226.10000610351562,235.30999755859375,234.7602081298828,16036376
2026-04-07,233.10000610351562,236.0,231.77000427246094,235.3300018310547,234.78016662597656,13783445
2026-04-08,245.10000610351562,248.10000610351562,242.14999389648438,246.86000061035156,246.28323364257812,19911975
2026-04-09,246.0,246.0,236.6999969482422,238.83999633789062,238.28196716308594,21124622
2026-04-10,240.6999969482422,243.8000030517578,240.0,243.1999969482422,242.63177490234375,12039959
2026-04-13,237.0,238.30999755859375,235.25999450683594,237.67999267578125,237.12466430664062,15386126
2026-04-15,242.5,244.25,241.50999450683594,242.66000366210938,242.09304809570312,20476591
2026-04-16,244.5,245.0,238.02000427246094,241.27000427246094,240.70628356933594,26180404
2026-04-17,242.02000427246094,245.5,240.63999938964844,243.86000061035156,243.2902374267578,51452527
2026-04-20,242.0,242.00999450683594,234.5,237.14999389648438,236.5959014892578,38415130
2026-04-21,237.27000427246094,237.60000610351562,234.10000610351562,234.75,234.20152282714844,46344616
2026-04-22,234.6999969482422,241.14999389648438,234.5500030517578,238.50999450683594,237.95272827148438,40251825
2026-04-23,240.0,251.6999969482422,238.5399932861328,248.66000366210938,248.0790252685547,74432271
2026-04-24,252.0,253.1999969482422,244.10000610351562,245.72999572753906,245.15586853027344,32701729
2026-04-27,247.10000610351562,254.6999969482422,247.02000427246094,253.63999938964844,253.04737854003906,25870371
2026-04-28,255.5,256.0,249.52999877929688,250.80999755859375,250.2239990234375,21934246
2026-04-29,252.11000061035156,257.0,250.02999877929688,250.7100067138672,250.12423706054688,22455886
2026-04-30,250.0,250.0,243.11000061035156,246.3699951171875,245.79437255859375,20595815
2026-05-01,246.3699951171875,246.3699951171875,246.3699951171875,246.3699951171875,245.79437255859375,0
2026-05-04,248.0,254.0,247.8699951171875,252.74000549316406,252.1494903564453,17828741
2026-05-05,252.0,253.6999969482422,247.3000030517578,248.4499969482422,247.8695068359375,16205692
2026-05-06,251.0,252.99000549316406,249.1699981689453,252.44000244140625,251.85018920898438,14692193
2026-05-07,253.5,254.14999389648438,250.5,251.02000427246094,250.4335174560547,16948101
2026-05-08,250.97999572753906,251.49000549316406,248.3000030517578,249.33999633789062,248.75743103027344,11367680
2026-05-11,246.0,246.4499969482422,239.8000030517578,240.3300018310547,239.7684783935547,18858507
2026-05-12,239.5399932861328,239.9499969482422,229.25999450683594,230.47000122070312,229.9315185546875,21663715
2026-05-13,231.0,234.0,229.1999969482422,231.4499969482422,230.9092254638672,13708347
2026-05-14,233.0,235.0,228.41000366210938,234.1300048828125,233.58297729492188,16545557
2026-05-15,234.89999389648438,235.9499969482422,232.58999633789062,233.05999755859375,232.51547241210938,10456724
2026-05-18,230.0,233.3300018310547,227.2100067138672,232.6300048828125,232.0864715576172,13156630
2026-05-19,232.6300048828125,236.10000610351562,232.3000030517578,233.27999877929688,232.73495483398438,9590375
2026-05-20,230.38999938964844,235.4600067138672,229.4199981689453,234.6699981689453,234.1217041015625,11303753
2026-05-21,236.5,238.3000030517578,235.05999755859375,235.77999877929688,235.22911071777344,12084486
2026-05-22,236.11000061035156,241.0,236.11000061035156,238.19000244140625,237.63348388671875,13517010
2026-05-25,241.0,243.64999389648438,240.1999969482422,241.74000549316406,241.17520141601562,9813693
2026-05-26,241.38999938964844,243.6999969482422,240.00999450683594,240.6699981689453,240.10768127441406,10437883
2026-05-27,241.0,243.86000061035156,240.7100067138672,242.88999938964844,242.32249450683594,9140875
2026-05-28,242.88999938964844,242.88999938964844,242.88999938964844,242.88999938964844,242.32249450683594,0
2026-05-29,244.0,245.14999389648438,238.0500030517578,238.9499969482422,238.39170837402344,22534996
2026-06-01,239.99000549316406,240.6999969482422,234.3000030517578,234.9499969482422,234.4010467529297,10854238
2026-06-02,233.75,238.5,232.25999450683594,237.63999938964844,237.0847625732422,10183097
2026-06-03,237.39999389648438,237.39999389648438,231.58999633789062,235.02999877929688,234.48086547851562,12256871
2026-06-04,234.5,237.6999969482422,233.64999389648438,235.74000549316406,235.189208984375,9053339
2026-06-05,235.2899932861328,239.3000030517578,235.13999938964844,236.88999938964844,236.33651733398438,12186829
2026-06-08,233.0,234.2100067138672,227.67999267578125,228.86000061035156,228.32528686523438,13089712
2026-06-09,229.57000732421875,234.49000549316406,229.57000732421875,234.2100067138672,233.6627960205078,9959663
2026-06-10,234.1999969482422,234.9499969482422,229.5500030517578,230.1699981689453,229.63221740722656,8453644
2026-06-11,229.64999389648438,229.8800048828125,227.0,228.02000427246094,227.48724365234375,11664899
2026-06-12,230.89999389648438,236.5,230.0,235.88999938964844,235.33885192871094,12744670
2026-06-15,241.5,243.69000244140625,239.0399932861328,239.52000427246094,238.9603729248047,18199317
2026-06-16,240.0500030517578,243.32000732421875,239.86000061035156,241.9499969482422,241.3846893310547,15505756
2026-06-17,242.1999969482422,244.74000549316406,241.22000122070312,242.97999572753906,242.41229248046875,10009881
2026-06-18,242.97999572753906,245.0,242.5,244.10000610351562,243.52967834472656,9457087
2026-06-19,244.0,246.85000610351562,242.02999877929688,244.4499969482422,243.8788604736328,22160659
2026-06-22,245.0,246.39999389648438,243.00999450683594,243.3800048828125,242.8113555908203,8096383
2026-06-23,244.0,244.19000244140625,237.1999969482422,237.80999755859375,237.25436401367188,11177956
2026-06-24,237.75999450683594,239.75,235.3000030517578,238.8699951171875,238.3118896484375,9540112
2026-06-25,240.0500030517578,241.92999267578125,238.5,239.42999267578125,238.87057495117188,8663156
2026-06-26,239.42999267578125,239.42999267578125,239.42999267578125,239.42999267578125,238.87057495117188,0
2026-06-29,239.0,239.1999969482422,235.9199981689453,236.7100067138672,236.15695190429688,9229023
2026-06-30,237.0,238.32000732421875,235.25999450683594,236.44000244140625,235.8875732421875,9951114
2026-07-01,236.75999450683594,240.75999450683594,236.5,240.00999450683594,239.44921875,7959631
2026-07-02,240.00999450683594,240.7899932861328,238.8300018310547,239.72999572753906,239.1698760986328,5834832
2026-07-03,241.0500030517578,242.1999969482422,238.86000061035156,239.35000610351562,238.790771484375,8863322
2026-07-06,239.1999969482422,240.6699981689453,238.10000610351562,240.0,239.4392547607422,9664713
2026-07-07,239.9499969482422,245.25,239.4499969482422,243.07000732421875,242.50209045410156,23069644
2026-07-08,242.0,242.0,229.0,229.99000549316406,229.45265197753906,37304617
2026-07-09,231.0,234.22000122070312,230.77000427246094,233.3699951171875,232.82473754882812,11583829
2026-07-10,235.0,243.5,233.9499969482422,241.9600067138672,241.39468383789062,27714158
2026-07-13,239.8000030517578,243.47999572753906,239.35000610351562,241.41000366210938,240.84596252441406,13432355
2026-07-14,239.6999969482422,239.88999938964844,235.1999969482422,235.97000122070312,235.41867065429688,10014430
2026-07-15,237.1999969482422,238.5,235.35000610351562,236.58999633789062,236.03721618652344,9708543
2026-07-16,237.77999877929688,237.91000366210938,234.10000610351562,235.64999389648438,235.0994110107422,9649365
2026-07-17,247.5,249.9499969482422,242.0,242.97999572753906,242.41229248046875,95978862
2026-07-20,243.0,243.11000061035156,238.10000610351562,238.9199981689453,238.3617706298828,19257829
2026-07-21,239.47999572753906,241.1999969482422,236.7100067138672,240.02999877929688,239.46917724609375,17460387
2026-07-22,239.36000061035156,241.44000244140625,234.19000244140625,234.8000030517578,234.25140380859375,17633281
2026-07-23,234.0,235.77999877929688,232.35000610351562,233.16000366210938,232.615234375,9274393
2026-07-24,232.0,235.47999572753906,231.2100067138672,234.7100067138672,234.16162109375,10217898
2026-07-27,237.0,237.39999389648438,235.25999450683594,236.1699981689453,235.61819458007812,6984152
2026-07-28,236.0,239.2100067138672,235.50999450683594,237.0800018310547,236.5260772705078,11263195
2026-07-29,238.0,253.89999389648438,237.50999450683594,249.47999572753906,248.8970947265625,48984683
2026-07-30,248.75,249.89999389648438,245.10000610351562,246.9499969482422,246.37301635742188,15570324
2026-07-31,247.5,257.05999755859375,247.0,256.4599914550781,255.8607940673828,42840807
2026-08-03,260.0,266.95001220703125,256.29998779296875,263.0,262.3855285644531,36582683
2026-08-04,264.0,266.6000061035156,261.8999938964844,265.0,264.3808288574219,24776731
2026-08-05,266.6499938964844,268.20001220703125,260.70001220703125,261.95001220703125,261.3379821777344,19828927
2026-08-06,262.20001220703125,266.3500061035156,260.29998779296875,263.1000061035156,262.48529052734375,15775224
2026-08-07,263.1000061035156,263.3999938964844,256.79998779296875,256.79998779296875,256.1999816894531,10858220
2026-08-10,256.79998779296875,257.8500061035156,254.85000610351562,256.70001220703125,256.70001220703125,5332622
