TRADDT,BIZDT,SGMT,SRC,FININSTRMTP,FININSTRMID,ISIN,TCKRSYMB,SCTYSRS,XPRYDT,FININSTRMACTLXPRYDT,STRKPRIC,OPTNTP,FININSTRMNM,OPNPRIC,HGHPRIC,LWPRIC,CLSPRIC,LASTPRIC,PRVSCLSGPRIC,UNDRLYGPRIC,STTLMPRIC,OPNINTRST,CHNGINOPNINTRST,TTLTRADGVOL,TTLTRFVAL,TTLNBOFTXSEXCTD,SSNID,NEWBRDLOTQTY,RMKS,RSVD1,RSVD2,RSVD3,RSVD4
2026-08-11,2026-08-11,FO,NSE,STO,39503,,TECHM,,2026-08-25,2026-08-25,1680.0,PE,TECHM26AUG1680PE,48.2,51.65,43.95,50.85,50.75,55.95,1642.97,50.85,166200,-4800,50,51869670.0,49,F1,600,,,,,
2026-08-11,2026-08-11,FO,NSE,STO,39589,,TECHM,,2026-09-29,2026-09-29,1720.0,PE,TECHM26SEP1720PE,0.0,0.0,0.0,92.2,92.2,92.2,1642.97,117.5,10200,0,0,0.0,0,F1,600,,,,,
2026-08-11,2026-08-11,FO,NSE,STO,39487,,TECHM,,2026-08-25,2026-08-25,1540.0,CE,TECHM26AUG1540CE,115.9,118.1,115.9,117.45,117.45,115.35,1642.97,117.45,145200,600,5,4972110.0,5,F1,600,,,,,
2026-08-11,2026-08-11,FO,NSE,STO,39511,,TECHM,,2026-08-25,2026-08-25,1760.0,CE,TECHM26AUG1760CE,5.8,7.6,5.0,5.15,5.35,5.45,1642.97,5.15,232800,12600,259,274429710.0,224,F1,600,,,,,
2026-08-11,2026-08-11,FO,NSE,STO,39598,,TECHM,,2026-09-29,2026-09-29,1880.0,CE,TECHM26SEP1880CE,7.95,8.2,7.5,7.65,7.65,8.0,1642.97,17.65,33000,6000,11,12460410.0,9,F1,600,,,,,
2026-08-11,2026-08-11,FO,NSE,STO,149720,,TECHM,,2026-08-25,2026-08-25,1284.0,PE,TECHM26AUG1284PE,0.0,0.0,0.0,0.5,0.5,0.5,1642.97,0.0,23400,0,0,0.0,0,F1,600,,,,,
2026-08-11,2026-08-11,FO,NSE,STO,113819,,TECHM,,2026-10-27,2026-10-27,1640.0,CE,TECHM26OCT1640CE,0.0,0.0,0.0,122.4,0.0,122.4,1642.97,114.45,0,0,0,0.0,0,F1,600,,,,,
2026-08-11,2026-08-11,FO,NSE,STO,39577,,TECHM,,2026-09-29,2026-09-29,1480.0,PE,TECHM26SEP1480PE,0.0,0.0,0.0,122.55,0.0,122.55,1642.97,18.96,0,0,0,0.0,0,F1,600,,,,,
2026-08-11,2026-08-11,FO,NSE,STO,39579,,TECHM,,2026-09-29,2026-09-29,1520.0,PE,TECHM26SEP1520PE,0.0,0.0,0.0,15.5,15.5,15.5,1642.97,28.11,55800,0,0,0.0,0,F1,600,,,,,
2026-08-11,2026-08-11,FO,NSE,STO,113533,,TECHM,,2026-09-29,2026-09-29,1780.0,PE,TECHM26SEP1780PE,0.0,0.0,0.0,173.4,0.0,173.4,1642.97,158.56,0,0,0,0.0,0,F1,600,,,,,
2026-08-11,2026-08-11,FO,NSE,STO,113812,,TECHM,,2026-10-27,2026-10-27,1520.0,PE,TECHM26OCT1520PE,0.0,0.0,0.0,52.75,0.0,52.75,1642.97,41.99,0,0,0,0.0,0,F1,600,,,,,
2026-08-11,2026-08-11,FO,NSE,STO,113814,,TECHM,,2026-10-27,2026-10-27,1560.0,PE,TECHM26OCT1560PE,0.0,0.0,0.0,67.1,0.0,67.1,1642.97,55.13,0,0,0,0.0,0,F1,600,,,,,
2026-08-11,2026-08-11,FO,NSE,STO,113824,,TECHM,,2026-10-27,2026-10-27,1720.0,PE,TECHM26OCT1720PE,0.0,0.0,0.0,146.8,0.0,146.8,1642.97,132.45,0,0,0,0.0,0,F1,600,,,,,
2026-08-11,2026-08-11,FO,NSE,STO,113882,,TECHM,,2026-10-27,2026-10-27,1920.0,PE,TECHM26OCT1920PE,0.0,0.0,0.0,290.1,0.0,290.1,1642.97,277.6,0,0,0,0.0,0,F1,600,,,,,
2026-08-11,2026-08-11,FO,NSE,STO,154022,,TECHM,,2026-08-25,2026-08-25,1424.0,CE,TECHM26AUG1424CE,0.0,0.0,0.0,196.85,196.85,196.85,1642.97,222.79,1800,0,0,0.0,0,F1,600,,,,,
2026-08-11,2026-08-11,FO,NSE,STO,39476,,TECHM,,2026-08-25,2026-08-25,1420.0,PE,TECHM26AUG1420PE,0.0,0.0,0.0,0.6,0.6,0.6,1642.97,0.45,16200,0,0,0.0,0,F1,600,,,,,
2026-08-11,2026-08-11,FO,NSE,STO,149725,,TECHM,,2026-08-25,2026-08-25,1404.0,CE,TECHM26AUG1404CE,0.0,0.0,0.0,240.0,240.0,240.0,1642.97,242.5,3000,0,0,0.0,0,F1,600,,,,,
2026-08-11,2026-08-11,FO,NSE,STO,149736,,TECHM,,2026-08-25,2026-08-25,1564.0,PE,TECHM26AUG1564PE,7.2,8.25,6.6,7.2,6.7,8.85,1642.97,7.2,87000,-5400,60,56568210.0,58,F1,600,,,,,
2026-08-11,2026-08-11,FO,NSE,STO,39510,,TECHM,,2026-08-25,2026-08-25,1740.0,PE,TECHM26AUG1740PE,0.0,0.0,0.0,103.05,103.05,103.05,1642.97,105.81,2400,0,0,0.0,0,F1,600,,,,,
2026-08-11,2026-08-11,FO,NSE,STO,39493,,TECHM,,2026-08-25,2026-08-25,1600.0,CE,TECHM26AUG1600CE,73.15,75.45,63.65,65.35,66.85,61.35,1642.97,65.35,1827600,-2400,169,169134870.0,127,F1,600,,,,,
2026-08-11,2026-08-11,FO,NSE,STO,39588,,TECHM,,2026-09-29,2026-09-29,1720.0,CE,TECHM26SEP1720CE,0.0,0.0,0.0,33.0,33.0,33.0,1642.97,55.57,16800,0,0,0.0,0,F1,600,,,,,
2026-08-11,2026-08-11,FO,NSE,STO,39594,,TECHM,,2026-09-29,2026-09-29,1800.0,CE,TECHM26SEP1800CE,18.1,18.1,18.1,18.1,18.1,18.0,1642.97,32.34,2400,600,1,1090860.0,1,F1,600,,,,,
2026-08-11,2026-08-11,FO,NSE,STO,113823,,TECHM,,2026-10-27,2026-10-27,1720.0,CE,TECHM26OCT1720CE,0.0,0.0,0.0,87.8,0.0,87.8,1642.97,79.1,0,0,0,0.0,0,F1,600,,,,,
2026-08-11,2026-08-11,FO,NSE,STO,149677,,TECHM,,2026-08-25,2026-08-25,1124.0,CE,TECHM26AUG1124CE,0.0,0.0,0.0,501.0,501.0,501.0,1642.97,521.58,8400,0,0,0.0,0,F1,600,,,,,
2026-08-11,2026-08-11,FO,NSE,STO,39505,,TECHM,,2026-08-25,2026-08-25,1700.0,CE,TECHM26AUG1700CE,16.25,20.55,14.1,14.75,15.0,15.15,1642.97,14.75,914400,-62400,1706,1757241090.0,1205,F1,600,,,,,
2026-08-11,2026-08-11,FO,NSE,STO,39484,,TECHM,,2026-08-25,2026-08-25,1500.0,PE,TECHM26AUG1500PE,2.25,2.75,2.1,2.25,2.1,3.0,1642.97,2.25,408000,-1200,68,61301610.0,50,F1,600,,,,,
2026-08-11,2026-08-11,FO,NSE,STO,39496,,TECHM,,2026-08-25,2026-08-25,1620.0,PE,TECHM26AUG1620PE,25.0,25.0,17.75,19.2,18.65,23.85,1642.97,19.2,267600,20400,562,552947760.0,515,F1,600,,,,,
2026-08-11,2026-08-11,FO,NSE,STO,154061,,TECHM,,2026-09-29,2026-09-29,1084.0,PE,TECHM26SEP1084PE,0.0,0.0,0.0,3.0,3.0,3.0,1642.97,0.01,6000,0,0,0.0,0,F1,600,,,,,
2026-08-11,2026-08-11,FO,NSE,STO,39569,,TECHM,,2026-09-29,2026-09-29,1400.0,PE,TECHM26SEP1400PE,0.0,0.0,0.0,16.2,16.2,16.2,1642.97,7.53,600,0,0,0.0,0,F1,600,,,,,
2026-08-11,2026-08-11,FO,NSE,STO,39595,,TECHM,,2026-09-29,2026-09-29,1800.0,PE,TECHM26SEP1800PE,0.0,0.0,0.0,374.85,0.0,374.85,1642.97,173.56,0,0,0,0.0,0,F1,600,,,,,
2026-08-11,2026-08-11,FO,NSE,STO,113832,,TECHM,,2026-10-27,2026-10-27,1840.0,PE,TECHM26OCT1840PE,0.0,0.0,0.0,227.95,0.0,227.95,1642.97,214.3,0,0,0,0.0,0,F1,600,,,,,
2026-08-11,2026-08-11,FO,NSE,STO,39480,,TECHM,,2026-08-25,2026-08-25,1460.0,PE,TECHM26AUG1460PE,1.2,1.45,1.15,1.15,1.15,1.2,1642.97,1.42,176400,-3000,9,7890690.0,6,F1,600,,,,,
2026-08-11,2026-08-11,FO,NSE,STO,39499,,TECHM,,2026-08-25,2026-08-25,1640.0,PE,TECHM26AUG1640PE,29.95,30.25,24.3,27.1,26.25,33.3,1642.97,27.1,298800,13800,956,956510010.0,812,F1,600,,,,,
2026-08-11,2026-08-11,FO,NSE,STO,113474,,TECHM,,2026-09-29,2026-09-29,1540.0,PE,TECHM26SEP1540PE,0.0,0.0,0.0,45.75,0.0,45.75,1642.97,33.57,0,0,0,0.0,0,F1,600,,,,,
2026-08-11,2026-08-11,FO,NSE,STO,113488,,TECHM,,2026-09-29,2026-09-29,1700.0,PE,TECHM26SEP1700PE,81.0,86.0,81.0,86.0,86.0,88.15,1642.97,105.15,30600,600,3,3208800.0,3,F1,600,,,,,
2026-08-11,2026-08-11,FO,NSE,STO,39597,,TECHM,,2026-09-29,2026-09-29,1840.0,PE,TECHM26SEP1840PE,0.0,0.0,0.0,411.7,0.0,411.7,1642.97,204.92,0,0,0,0.0,0,F1,600,,,,,
2026-08-11,2026-08-11,FO,NSE,STO,154020,,TECHM,,2026-08-25,2026-08-25,1384.0,CE,TECHM26AUG1384CE,0.0,0.0,0.0,275.45,275.45,275.45,1642.97,262.32,1800,0,0,0.0,0,F1,600,,,,,
2026-08-11,2026-08-11,FO,NSE,STO,39509,,TECHM,,2026-08-25,2026-08-25,1740.0,CE,TECHM26AUG1740CE,8.15,10.7,6.9,7.1,7.05,7.75,1642.97,7.1,115800,-22200,226,237056190.0,187,F1,600,,,,,
2026-08-11,2026-08-11,FO,NSE,STO,39519,,TECHM,,2026-08-25,2026-08-25,1840.0,CE,TECHM26AUG1840CE,2.3,2.3,1.4,1.5,1.5,1.7,1642.97,1.5,384000,9000,87,96135210.0,70,F1,600,,,,,
2026-08-11,2026-08-11,FO,NSE,STO,39584,,TECHM,,2026-09-29,2026-09-29,1640.0,CE,TECHM26SEP1640CE,69.0,69.0,69.0,69.0,69.0,65.0,1642.97,89.91,13800,1200,2,2050800.0,2,F1,600,,,,,
2026-08-11,2026-08-11,FO,NSE,STO,149729,,TECHM,,2026-08-25,2026-08-25,1444.0,CE,TECHM26AUG1444CE,0.0,0.0,0.0,212.4,212.4,212.4,1642.97,203.24,2400,0,0,0.0,0,F1,600,,,,,
2026-08-11,2026-08-11,FO,NSE,STO,113805,,TECHM,,2026-10-27,2026-10-27,1520.0,CE,TECHM26OCT1520CE,0.0,0.0,0.0,190.8,0.0,190.8,1642.97,185.88,0,0,0,0.0,0,F1,600,,,,,
2026-08-11,2026-08-11,FO,NSE,STO,113831,,TECHM,,2026-10-27,2026-10-27,1840.0,CE,TECHM26OCT1840CE,0.0,0.0,0.0,50.8,0.0,50.8,1642.97,42.6,0,0,0,0.0,0,F1,600,,,,,
2026-08-11,2026-08-11,FO,NSE,STO,149722,,TECHM,,2026-08-25,2026-08-25,1324.0,PE,TECHM26AUG1324PE,0.0,0.0,0.0,1.55,1.55,1.55,1642.97,0.01,600,0,0,0.0,0,F1,600,,,,,
2026-08-11,2026-08-11,FO,NSE,STO,149728,,TECHM,,2026-08-25,2026-08-25,1404.0,PE,TECHM26AUG1404PE,0.0,0.0,0.0,5.65,5.65,5.65,1642.97,0.27,2400,0,0,0.0,0,F1,600,,,,,
2026-08-11,2026-08-11,FO,NSE,STO,149734,,TECHM,,2026-08-25,2026-08-25,1524.0,PE,TECHM26AUG1524PE,4.1,4.1,3.4,3.8,3.8,4.85,1642.97,6.32,53400,-1200,12,10999590.0,12,F1,600,,,,,
2026-08-11,2026-08-11,FO,NSE,STO,113826,,TECHM,,2026-10-27,2026-10-27,1760.0,PE,TECHM26OCT1760PE,0.0,0.0,0.0,172.0,0.0,172.0,1642.97,157.68,0,0,0,0.0,0,F1,600,,,,,
2026-08-11,2026-08-11,FO,NSE,STO,149733,,TECHM,,2026-08-25,2026-08-25,1524.0,CE,TECHM26AUG1524CE,139.0,139.2,131.35,139.2,139.2,127.1,1642.97,128.82,30000,24600,45,44893470.0,32,F1,600,,,,,
2026-08-11,2026-08-11,FO,NSE,STO,39491,,TECHM,,2026-08-25,2026-08-25,1580.0,CE,TECHM26AUG1580CE,81.15,81.6,81.15,81.3,81.6,74.25,1642.97,81.3,116400,-1800,3,2990340.0,2,F1,600,,,,,
2026-08-11,2026-08-11,FO,NSE,STO,39574,,TECHM,,2026-09-29,2026-09-29,1480.0,CE,TECHM26SEP1480CE,0.0,0.0,0.0,177.0,177.0,177.0,1642.97,194.93,600,0,0,0.0,0,F1,600,,,,,
2026-08-11,2026-08-11,FO,NSE,STO,39462,,TECHM,,2026-08-25,2026-08-25,1300.0,PE,TECHM26AUG1300PE,0.0,0.0,0.0,0.35,0.35,0.35,1642.97,0.0,16200,0,0,0.0,0,F1,600,,,,,
2026-08-11,2026-08-11,FO,NSE,STO,39466,,TECHM,,2026-08-25,2026-08-25,1340.0,PE,TECHM26AUG1340PE,0.0,0.0,0.0,0.5,0.5,0.5,1642.97,0.03,5400,0,0,0.0,0,F1,600,,,,,
2026-08-11,2026-08-11,FO,NSE,STO,39482,,TECHM,,2026-08-25,2026-08-25,1480.0,PE,TECHM26AUG1480PE,1.9,1.9,1.65,1.7,1.7,1.8,1642.97,2.37,84600,7800,58,51565890.0,42,F1,600,,,,,
2026-08-11,2026-08-11,FO,NSE,STO,39488,,TECHM,,2026-08-25,2026-08-25,1540.0,PE,TECHM26AUG1540PE,6.5,6.5,4.2,4.6,4.25,6.4,1642.97,4.6,219600,-4800,175,162205740.0,144,F1,600,,,,,
2026-08-11,2026-08-11,FO,NSE,STO,39490,,TECHM,,2026-08-25,2026-08-25,1560.0,PE,TECHM26AUG1560PE,6.5,7.4,6.15,6.25,6.25,8.25,1642.97,6.25,135000,-13800,81,76139400.0,73,F1,600,,,,,
2026-08-11,2026-08-11,FO,NSE,STO,39494,,TECHM,,2026-08-25,2026-08-25,1600.0,PE,TECHM26AUG1600PE,14.6,15.55,12.45,13.7,13.1,17.25,1642.97,13.7,427800,20400,564,546151410.0,449,F1,600,,,,,
2026-08-11,2026-08-11,FO,NSE,STO,39522,,TECHM,,2026-08-25,2026-08-25,1880.0,PE,TECHM26AUG1880PE,0.0,0.0,0.0,455.2,0.0,455.2,1642.97,233.67,0,0,0,0.0,0,F1,600,,,,,
2026-08-11,2026-08-11,FO,NSE,STO,113804,,TECHM,,2026-10-27,2026-10-27,1480.0,PE,TECHM26OCT1480PE,0.0,0.0,0.0,40.7,0.0,40.7,1642.97,31.08,0,0,0,0.0,0,F1,600,,,,,
2026-08-11,2026-08-11,FO,NSE,STO,113483,,TECHM,,2026-09-29,2026-09-29,1620.0,CE,TECHM26SEP1620CE,0.0,0.0,0.0,109.95,0.0,109.95,1642.97,100.4,0,0,0,0.0,0,F1,600,,,,,
2026-08-11,2026-08-11,FO,NSE,STO,39580,,TECHM,,2026-09-29,2026-09-29,1560.0,CE,TECHM26SEP1560CE,0.0,0.0,0.0,47.75,0.0,47.75,1642.97,136.51,0,0,0,0.0,0,F1,600,,,,,
2026-08-11,2026-08-11,FO,NSE,STF,49014,,TECHM,,2026-10-27,2026-10-27,,,TECHM26OCTFUT,0.0,0.0,0.0,1636.0,1636.0,1636.0,1642.97,1665.9,55800,0,0,0.0,0,F1,600,,,,,
2026-08-11,2026-08-11,FO,NSE,STO,39581,,TECHM,,2026-09-29,2026-09-29,1560.0,PE,TECHM26SEP1560PE,0.0,0.0,0.0,27.8,27.8,27.8,1642.97,39.85,1200,0,0,0.0,0,F1,600,,,,,
2026-08-11,2026-08-11,FO,NSE,STO,39583,,TECHM,,2026-09-29,2026-09-29,1600.0,PE,TECHM26SEP1600PE,37.9,37.9,37.9,37.9,37.9,40.8,1642.97,54.65,38400,-600,1,982740.0,1,F1,600,,,,,
2026-08-11,2026-08-11,FO,NSE,STO,39599,,TECHM,,2026-09-29,2026-09-29,1880.0,PE,TECHM26SEP1880PE,0.0,0.0,0.0,226.4,226.4,226.4,1642.97,238.17,9000,0,0,0.0,0,F1,600,,,,,
2026-08-11,2026-08-11,FO,NSE,STO,113800,,TECHM,,2026-10-27,2026-10-27,1440.0,PE,TECHM26OCT1440PE,0.0,0.0,0.0,30.55,0.0,30.55,1642.97,22.37,0,0,0,0.0,0,F1,600,,,,,
2026-08-11,2026-08-11,FO,NSE,STO,113820,,TECHM,,2026-10-27,2026-10-27,1640.0,PE,TECHM26OCT1640PE,0.0,0.0,0.0,102.55,0.0,102.55,1642.97,88.9,0,0,0,0.0,0,F1,600,,,,,
2026-08-11,2026-08-11,FO,NSE,STO,154023,,TECHM,,2026-08-25,2026-08-25,1424.0,PE,TECHM26AUG1424PE,0.0,0.0,0.0,1.35,1.35,1.35,1642.97,0.51,5400,0,0,0.0,0,F1,600,,,,,
2026-08-11,2026-08-11,FO,NSE,STO,39507,,TECHM,,2026-08-25,2026-08-25,1720.0,CE,TECHM26AUG1720CE,11.1,14.65,9.65,10.15,10.3,10.7,1642.97,10.15,681600,6600,464,482074350.0,451,F1,600,,,,,
2026-08-11,2026-08-11,FO,NSE,STO,39582,,TECHM,,2026-09-29,2026-09-29,1600.0,CE,TECHM26SEP1600CE,93.2,93.2,93.2,93.2,93.2,107.8,1642.97,111.67,7800,0,1,1015920.0,1,F1,600,,,,,
2026-08-11,2026-08-11,FO,NSE,STO,39492,,TECHM,,2026-08-25,2026-08-25,1580.0,PE,TECHM26AUG1580PE,10.45,10.9,8.8,9.5,9.05,11.85,1642.97,9.5,122400,-10200,339,323379750.0,307,F1,600,,,,,
2026-08-11,2026-08-11,FO,NSE,STO,39513,,TECHM,,2026-08-25,2026-08-25,1780.0,CE,TECHM26AUG1780CE,5.25,5.35,3.55,3.6,3.65,3.95,1642.97,3.6,75600,12600,111,118819050.0,101,F1,600,,,,,
2026-08-11,2026-08-11,FO,NSE,STO,39578,,TECHM,,2026-09-29,2026-09-29,1520.0,CE,TECHM26SEP1520CE,0.0,0.0,0.0,59.65,0.0,59.65,1642.97,164.43,0,0,0,0.0,0,F1,600,,,,,
2026-08-11,2026-08-11,FO,NSE,STO,113815,,TECHM,,2026-10-27,2026-10-27,1600.0,CE,TECHM26OCT1600CE,0.0,0.0,0.0,142.95,0.0,142.95,1642.97,135.77,0,0,0,0.0,0,F1,600,,,,,
2026-08-11,2026-08-11,FO,NSE,STO,113827,,TECHM,,2026-10-27,2026-10-27,1800.0,CE,TECHM26OCT1800CE,0.0,0.0,0.0,61.3,0.0,61.3,1642.97,52.74,0,0,0,0.0,0,F1,600,,,,,
2026-08-11,2026-08-11,FO,NSE,STO,39464,,TECHM,,2026-08-25,2026-08-25,1320.0,PE,TECHM26AUG1320PE,0.6,0.6,0.55,0.6,0.6,0.55,1642.97,0.01,8400,-1200,9,7131210.0,4,F1,600,,,,,
2026-08-11,2026-08-11,FO,NSE,STO,149730,,TECHM,,2026-08-25,2026-08-25,1444.0,PE,TECHM26AUG1444PE,0.0,0.0,0.0,1.5,1.5,1.5,1642.97,0.92,7200,0,0,0.0,0,F1,600,,,,,
2026-08-11,2026-08-11,FO,NSE,STO,154025,,TECHM,,2026-08-25,2026-08-25,1464.0,PE,TECHM26AUG1464PE,1.55,1.55,1.15,1.15,1.15,1.6,1642.97,1.58,3600,-600,2,1758420.0,2,F1,600,,,,,
2026-08-11,2026-08-11,FO,NSE,STO,39506,,TECHM,,2026-08-25,2026-08-25,1700.0,PE,TECHM26AUG1700PE,59.25,65.3,58.0,62.6,59.55,69.3,1642.97,62.6,133800,-6600,41,43349040.0,34,F1,600,,,,,
2026-08-11,2026-08-11,FO,NSE,STO,39520,,TECHM,,2026-08-25,2026-08-25,1840.0,PE,TECHM26AUG1840PE,0.0,0.0,0.0,416.2,0.0,416.2,1642.97,195.03,0,0,0,0.0,0,F1,600,,,,,
2026-08-11,2026-08-11,FO,NSE,STO,113482,,TECHM,,2026-09-29,2026-09-29,1580.0,PE,TECHM26SEP1580PE,0.0,0.0,0.0,60.45,0.0,60.45,1642.97,46.86,0,0,0,0.0,0,F1,600,,,,,
2026-08-11,2026-08-11,FO,NSE,STO,113785,,TECHM,,2026-10-27,2026-10-27,1360.0,PE,TECHM26OCT1360PE,0.0,0.0,0.0,15.9,0.0,15.9,1642.97,10.47,0,0,0,0.0,0,F1,600,,,,,
2026-08-11,2026-08-11,FO,NSE,STO,113816,,TECHM,,2026-10-27,2026-10-27,1600.0,PE,TECHM26OCT1600PE,0.0,0.0,0.0,83.7,0.0,83.7,1642.97,70.78,0,0,0,0.0,0,F1,600,,,,,
2026-08-11,2026-08-11,FO,NSE,STO,39481,,TECHM,,2026-08-25,2026-08-25,1480.0,CE,TECHM26AUG1480CE,0.0,0.0,0.0,167.5,167.5,167.5,1642.97,168.77,17400,0,0,0.0,0,F1,600,,,,,
2026-08-11,2026-08-11,FO,NSE,STO,39485,,TECHM,,2026-08-25,2026-08-25,1520.0,CE,TECHM26AUG1520CE,0.0,0.0,0.0,162.2,162.2,162.2,1642.97,132.32,9000,0,0,0.0,0,F1,600,,,,,
2026-08-11,2026-08-11,FO,NSE,STO,149737,,TECHM,,2026-08-25,2026-08-25,1604.0,CE,TECHM26AUG1604CE,64.8,69.2,61.4,62.25,62.55,56.5,1642.97,62.25,61800,3000,14,14021670.0,14,F1,600,,,,,
2026-08-11,2026-08-11,FO,NSE,STO,39514,,TECHM,,2026-08-25,2026-08-25,1780.0,PE,TECHM26AUG1780PE,0.0,0.0,0.0,129.75,129.75,129.75,1642.97,139.66,600,0,0,0.0,0,F1,600,,,,,
2026-08-11,2026-08-11,FO,NSE,STO,39512,,TECHM,,2026-08-25,2026-08-25,1760.0,PE,TECHM26AUG1760PE,0.0,0.0,0.0,113.1,113.1,113.1,1642.97,122.33,6000,0,0,0.0,0,F1,600,,,,,
2026-08-11,2026-08-11,FO,NSE,STO,39570,,TECHM,,2026-09-29,2026-09-29,1440.0,CE,TECHM26SEP1440CE,0.0,0.0,0.0,229.0,229.0,229.0,1642.97,227.87,600,0,0,0.0,0,F1,600,,,,,
2026-08-11,2026-08-11,FO,NSE,STO,113825,,TECHM,,2026-10-27,2026-10-27,1760.0,CE,TECHM26OCT1760CE,0.0,0.0,0.0,73.6,0.0,73.6,1642.97,64.87,0,0,0,0.0,0,F1,600,,,,,
2026-08-11,2026-08-11,FO,NSE,STO,39486,,TECHM,,2026-08-25,2026-08-25,1520.0,PE,TECHM26AUG1520PE,3.3,3.65,3.1,3.25,3.1,4.5,1642.97,3.25,50400,-3600,45,41132070.0,36,F1,600,,,,,
2026-08-11,2026-08-11,FO,NSE,STO,113424,,TECHM,,2026-09-29,2026-09-29,1500.0,PE,TECHM26SEP1500PE,0.0,0.0,0.0,14.75,14.75,14.75,1642.97,23.19,50400,0,0,0.0,0,F1,600,,,,,
2026-08-11,2026-08-11,FO,NSE,STO,149738,,TECHM,,2026-08-25,2026-08-25,1604.0,PE,TECHM26AUG1604PE,12.9,16.15,12.9,14.55,13.85,17.7,1642.97,14.55,96000,3000,90,87411390.0,90,F1,600,,,,,
2026-08-11,2026-08-11,FO,NSE,STO,39501,,TECHM,,2026-08-25,2026-08-25,1660.0,PE,TECHM26AUG1660PE,39.25,39.6,33.0,37.05,35.9,42.55,1642.97,37.05,293400,-8400,486,494850330.0,419,F1,600,,,,,
2026-08-11,2026-08-11,FO,NSE,STO,113486,,TECHM,,2026-09-29,2026-09-29,1660.0,PE,TECHM26SEP1660PE,0.0,0.0,0.0,64.0,64.0,64.0,1642.97,82.65,7800,0,0,0.0,0,F1,600,,,,,
2026-08-11,2026-08-11,FO,NSE,STO,39452,,TECHM,,2026-08-25,2026-08-25,1200.0,PE,TECHM26AUG1200PE,0.0,0.0,0.0,1.0,1.0,1.0,1642.97,0.0,9600,0,0,0.0,0,F1,600,,,,,
2026-08-11,2026-08-11,FO,NSE,STO,149682,,TECHM,,2026-08-25,2026-08-25,1164.0,CE,TECHM26AUG1164CE,0.0,0.0,0.0,463.0,463.0,463.0,1642.97,481.67,4800,0,0,0.0,0,F1,600,,,,,
2026-08-11,2026-08-11,FO,NSE,STO,39495,,TECHM,,2026-08-25,2026-08-25,1620.0,CE,TECHM26AUG1620CE,53.35,62.5,50.0,51.45,50.65,49.3,1642.97,51.45,141600,-4200,138,138712830.0,138,F1,600,,,,,
2026-08-11,2026-08-11,FO,NSE,STO,39497,,TECHM,,2026-08-25,2026-08-25,1640.0,CE,TECHM26AUG1640CE,41.7,48.7,38.0,38.95,39.9,37.95,1642.97,38.95,417000,60600,1399,1412239830.0,1188,F1,600,,,,,
2026-08-11,2026-08-11,FO,NSE,STO,39500,,TECHM,,2026-08-25,2026-08-25,1660.0,CE,TECHM26AUG1660CE,29.05,37.8,27.5,28.75,29.1,28.35,1642.97,28.75,703800,-27600,1418,1439636970.0,1292,F1,600,,,,,
2026-08-11,2026-08-11,FO,NSE,STO,113485,,TECHM,,2026-09-29,2026-09-29,1660.0,CE,TECHM26SEP1660CE,60.5,62.1,57.35,57.35,57.35,60.0,1642.97,57.35,14400,-1200,9,9292170.0,9,F1,600,,,,,
2026-08-11,2026-08-11,FO,NSE,STO,113799,,TECHM,,2026-10-27,2026-10-27,1440.0,CE,TECHM26OCT1440CE,0.0,0.0,0.0,247.4,0.0,247.4,1642.97,245.16,0,0,0,0.0,0,F1,600,,,,,
2026-08-11,2026-08-11,FO,NSE,STO,113821,,TECHM,,2026-10-27,2026-10-27,1680.0,CE,TECHM26OCT1680CE,0.0,0.0,0.0,104.05,0.0,104.05,1642.97,95.58,0,0,0,0.0,0,F1,600,,,,,
2026-08-11,2026-08-11,FO,NSE,STO,39472,,TECHM,,2026-08-25,2026-08-25,1380.0,PE,TECHM26AUG1380PE,0.6,0.8,0.3,0.6,0.6,1.8,1642.97,0.6,48000,-600,4,3313380.0,4,F1,600,,,,,
2026-08-11,2026-08-11,FO,NSE,STO,39468,,TECHM,,2026-08-25,2026-08-25,1360.0,PE,TECHM26AUG1360PE,0.5,0.5,0.35,0.35,0.35,0.45,1642.97,0.06,23400,-600,16,13059750.0,8,F1,600,,,,,
2026-08-11,2026-08-11,FO,NSE,STO,39593,,TECHM,,2026-09-29,2026-09-29,1760.0,PE,TECHM26SEP1760PE,0.0,0.0,0.0,338.7,0.0,338.7,1642.97,144.24,0,0,0,0.0,0,F1,600,,,,,
2026-08-11,2026-08-11,FO,NSE,STO,149732,,TECHM,,2026-08-25,2026-08-25,1484.0,PE,TECHM26AUG1484PE,0.0,0.0,0.0,3.0,3.0,3.0,1642.97,2.61,3600,0,0,0.0,0,F1,600,,,,,
2026-08-11,2026-08-11,FO,NSE,STO,39474,,TECHM,,2026-08-25,2026-08-25,1400.0,PE,TECHM26AUG1400PE,0.75,0.75,0.45,0.5,0.5,1.0,1642.97,0.5,109200,-19200,42,35296170.0,26,F1,600,,,,,
2026-08-11,2026-08-11,FO,NSE,STO,149744,,TECHM,,2026-08-25,2026-08-25,1724.0,PE,TECHM26AUG1724PE,0.0,0.0,0.0,81.0,81.0,81.0,1642.97,93.32,12000,0,0,0.0,0,F1,600,,,,,
2026-08-11,2026-08-11,FO,NSE,STO,149681,,TECHM,,2026-08-25,2026-08-25,1124.0,PE,TECHM26AUG1124PE,0.0,0.0,0.0,0.55,0.55,0.55,1642.97,0.0,13800,0,0,0.0,0,F1,600,,,,,
2026-08-11,2026-08-11,FO,NSE,STO,113802,,TECHM,,2026-10-27,2026-10-27,1480.0,CE,TECHM26OCT1480CE,0.0,0.0,0.0,218.1,0.0,218.1,1642.97,214.43,0,0,0,0.0,0,F1,600,,,,,
2026-08-11,2026-08-11,FO,NSE,STO,113778,,TECHM,,2026-10-27,2026-10-27,1360.0,CE,TECHM26OCT1360CE,0.0,0.0,0.0,311.55,0.0,311.55,1642.97,312.16,0,0,0,0.0,0,F1,600,,,,,
2026-08-11,2026-08-11,FO,NSE,STO,113489,,TECHM,,2026-09-29,2026-09-29,1740.0,CE,TECHM26SEP1740CE,0.0,0.0,0.0,43.0,43.0,43.0,1642.97,48.79,1200,0,0,0.0,0,F1,600,,,,,
2026-08-11,2026-08-11,FO,NSE,STO,39521,,TECHM,,2026-08-25,2026-08-25,1880.0,CE,TECHM26AUG1880CE,0.95,0.95,0.6,0.75,0.75,0.95,1642.97,0.75,35400,-1200,11,12412620.0,8,F1,600,,,,,
2026-08-11,2026-08-11,FO,NSE,STO,149735,,TECHM,,2026-08-25,2026-08-25,1564.0,CE,TECHM26AUG1564CE,99.0,99.0,94.05,94.45,94.85,87.4,1642.97,94.45,76800,-1800,10,9956910.0,10,F1,600,,,,,
2026-08-11,2026-08-11,FO,NSE,STO,39477,,TECHM,,2026-08-25,2026-08-25,1440.0,CE,TECHM26AUG1440CE,0.0,0.0,0.0,216.35,216.35,216.35,1642.97,207.14,2400,0,0,0.0,0,F1,600,,,,,
2026-08-11,2026-08-11,FO,NSE,STO,39516,,TECHM,,2026-08-25,2026-08-25,1800.0,PE,TECHM26AUG1800PE,150.0,150.0,149.0,149.5,149.0,156.0,1642.97,149.5,30000,-1200,2,2339400.0,2,F1,600,,,,,
2026-08-11,2026-08-11,FO,NSE,STO,154021,,TECHM,,2026-08-25,2026-08-25,1384.0,PE,TECHM26AUG1384PE,0.5,0.5,0.5,0.5,0.5,1.0,1642.97,0.14,9600,0,1,830700.0,1,F1,600,,,,,
2026-08-11,2026-08-11,FO,NSE,STO,39508,,TECHM,,2026-08-25,2026-08-25,1720.0,PE,TECHM26AUG1720PE,84.65,84.65,71.15,75.35,75.35,87.0,1642.97,90.28,31200,-1800,13,14015490.0,13,F1,600,,,,,
2026-08-11,2026-08-11,FO,NSE,STO,39573,,TECHM,,2026-09-29,2026-09-29,1440.0,PE,TECHM26SEP1440PE,0.0,0.0,0.0,99.65,0.0,99.65,1642.97,12.25,0,0,0,0.0,0,F1,600,,,,,
2026-08-11,2026-08-11,FO,NSE,STO,39473,,TECHM,,2026-08-25,2026-08-25,1400.0,CE,TECHM26AUG1400CE,0.0,0.0,0.0,245.25,245.25,245.25,1642.97,246.46,30600,0,0,0.0,0,F1,600,,,,,
2026-08-11,2026-08-11,FO,NSE,STO,39479,,TECHM,,2026-08-25,2026-08-25,1460.0,CE,TECHM26AUG1460CE,0.0,0.0,0.0,191.2,191.2,191.2,1642.97,187.78,20400,0,0,0.0,0,F1,600,,,,,
2026-08-11,2026-08-11,FO,NSE,STO,154024,,TECHM,,2026-08-25,2026-08-25,1464.0,CE,TECHM26AUG1464CE,0.0,0.0,0.0,192.0,192.0,192.0,1642.97,183.95,127800,0,0,0.0,0,F1,600,,,,,
2026-08-11,2026-08-11,FO,NSE,STO,39489,,TECHM,,2026-08-25,2026-08-25,1560.0,CE,TECHM26AUG1560CE,98.65,99.8,98.0,98.0,98.0,93.0,1642.97,98.0,147000,-600,6,5971770.0,5,F1,600,,,,,
2026-08-11,2026-08-11,FO,NSE,STO,113475,,TECHM,,2026-09-29,2026-09-29,1580.0,CE,TECHM26SEP1580CE,0.0,0.0,0.0,132.15,0.0,132.15,1642.97,123.71,0,0,0,0.0,0,F1,600,,,,,
2026-08-11,2026-08-11,FO,NSE,STO,39596,,TECHM,,2026-09-29,2026-09-29,1840.0,CE,TECHM26SEP1840CE,0.0,0.0,0.0,13.0,13.0,13.0,1642.97,24.05,1800,0,0,0.0,0,F1,600,,,,,
2026-08-11,2026-08-11,FO,NSE,STO,113813,,TECHM,,2026-10-27,2026-10-27,1560.0,CE,TECHM26OCT1560CE,0.0,0.0,0.0,165.75,0.0,165.75,1642.97,159.57,0,0,0,0.0,0,F1,600,,,,,
2026-08-11,2026-08-11,FO,NSE,STO,154011,,TECHM,,2026-08-25,2026-08-25,1184.0,PE,TECHM26AUG1184PE,0.0,0.0,0.0,1.1,1.1,1.1,1642.97,0.0,1200,0,0,0.0,0,F1,600,,,,,
2026-08-11,2026-08-11,FO,NSE,STO,39478,,TECHM,,2026-08-25,2026-08-25,1440.0,PE,TECHM26AUG1440PE,0.0,0.0,0.0,1.9,1.9,1.9,1642.97,0.82,145200,0,0,0.0,0,F1,600,,,,,
2026-08-11,2026-08-11,FO,NSE,STO,149723,,TECHM,,2026-08-25,2026-08-25,1364.0,CE,TECHM26AUG1364CE,0.0,0.0,0.0,221.65,221.65,221.65,1642.97,282.2,48000,0,0,0.0,0,F1,600,,,,,
2026-08-11,2026-08-11,FO,NSE,STO,39461,,TECHM,,2026-08-25,2026-08-25,1300.0,CE,TECHM26AUG1300CE,0.0,0.0,0.0,350.8,350.8,350.8,1642.97,345.99,3600,0,0,0.0,0,F1,600,,,,,
2026-08-11,2026-08-11,FO,NSE,STF,58400,,TECHM,,2026-08-25,2026-08-25,,,TECHM26AUGFUT,1654.0,1664.1,1647.9,1651.1,1653.4,1644.9,1642.97,1651.1,17724000,-132600,1515,1503836820.0,1333,F1,600,,,,,
2026-08-11,2026-08-11,FO,NSE,STO,39483,,TECHM,,2026-08-25,2026-08-25,1500.0,CE,TECHM26AUG1500CE,0.0,0.0,0.0,144.0,144.0,144.0,1642.97,150.23,112800,0,0,0.0,0,F1,600,,,,,
2026-08-11,2026-08-11,FO,NSE,STO,39587,,TECHM,,2026-09-29,2026-09-29,1680.0,PE,TECHM26SEP1680PE,0.0,0.0,0.0,269.3,0.0,269.3,1642.97,93.53,0,0,0,0.0,0,F1,600,,,,,
2026-08-11,2026-08-11,FO,NSE,STO,39585,,TECHM,,2026-09-29,2026-09-29,1640.0,PE,TECHM26SEP1640PE,0.0,0.0,0.0,236.45,0.0,236.45,1642.97,72.54,0,0,0,0.0,0,F1,600,,,,,
2026-08-11,2026-08-11,FO,NSE,STO,154071,,TECHM,,2026-09-29,2026-09-29,1284.0,PE,TECHM26SEP1284PE,0.0,0.0,0.0,4.0,4.0,4.0,1642.97,1.32,600,0,0,0.0,0,F1,600,,,,,
2026-08-11,2026-08-11,FO,NSE,STO,154027,,TECHM,,2026-08-25,2026-08-25,1504.0,PE,TECHM26AUG1504PE,3.6,3.6,2.05,2.5,2.5,2.1,1642.97,2.5,30600,-1800,59,53333040.0,28,F1,600,,,,,
2026-08-11,2026-08-11,FO,NSE,STO,154013,,TECHM,,2026-08-25,2026-08-25,1224.0,PE,TECHM26AUG1224PE,0.0,0.0,0.0,0.7,0.7,0.7,1642.97,0.0,0,0,0,0.0,0,F1,600,,,,,
2026-08-11,2026-08-11,FO,NSE,STO,149685,,TECHM,,2026-08-25,2026-08-25,1164.0,PE,TECHM26AUG1164PE,0.0,0.0,0.0,0.6,0.55,0.6,1642.97,0.0,23400,0,0,0.0,0,F1,600,,,,,
2026-08-11,2026-08-11,FO,NSE,STO,113532,,TECHM,,2026-09-29,2026-09-29,1780.0,CE,TECHM26SEP1780CE,21.0,21.0,20.7,20.7,20.7,47.15,1642.97,37.16,2400,2400,4,4322220.0,4,F1,600,,,,,
2026-08-11,2026-08-11,FO,NSE,STO,39586,,TECHM,,2026-09-29,2026-09-29,1680.0,CE,TECHM26SEP1680CE,0.0,0.0,0.0,57.0,57.0,57.0,1642.97,71.25,600,0,0,0.0,0,F1,600,,,,,
2026-08-11,2026-08-11,FO,NSE,STO,113425,,TECHM,,2026-09-29,2026-09-29,1540.0,CE,TECHM26SEP1540CE,0.0,0.0,0.0,157.0,0.0,157.0,1642.97,150.07,0,0,0,0.0,0,F1,600,,,,,
2026-08-11,2026-08-11,FO,NSE,STO,39471,,TECHM,,2026-08-25,2026-08-25,1380.0,CE,TECHM26AUG1380CE,0.0,0.0,0.0,275.4,275.4,275.4,1642.97,266.29,3600,0,0,0.0,0,F1,600,,,,,
2026-08-11,2026-08-11,FO,NSE,STO,113487,,TECHM,,2026-09-29,2026-09-29,1700.0,CE,TECHM26SEP1700CE,41.0,41.0,41.0,41.0,41.0,41.3,1642.97,63.05,31800,600,1,1044600.0,1,F1,600,,,,,
2026-08-11,2026-08-11,FO,NSE,STO,39502,,TECHM,,2026-08-25,2026-08-25,1680.0,CE,TECHM26AUG1680CE,22.85,28.2,20.0,20.8,21.45,21.0,1642.97,20.8,675600,-58200,1098,1122315720.0,914,F1,600,,,,,
2026-08-11,2026-08-11,FO,NSE,STO,39451,,TECHM,,2026-08-25,2026-08-25,1200.0,CE,TECHM26AUG1200CE,0.0,0.0,0.0,344.0,344.0,344.0,1642.97,445.76,1200,0,0,0.0,0,F1,600,,,,,
2026-08-11,2026-08-11,FO,NSE,STO,39515,,TECHM,,2026-08-25,2026-08-25,1800.0,CE,TECHM26AUG1800CE,3.3,3.95,2.2,2.55,2.65,2.9,1642.97,2.55,226800,-22200,159,172010070.0,143,F1,600,,,,,
2026-08-11,2026-08-11,FO,NSE,STO,39590,,TECHM,,2026-09-29,2026-09-29,1760.0,CE,TECHM26SEP1760CE,0.0,0.0,0.0,13.85,0.0,13.85,1642.97,42.66,0,0,0,0.0,0,F1,600,,,,,
2026-08-11,2026-08-11,FO,NSE,STO,149693,,TECHM,,2026-08-25,2026-08-25,1204.0,PE,TECHM26AUG1204PE,0.0,0.0,0.0,0.4,0.4,0.4,1642.97,0.0,1800,0,0,0.0,0,F1,600,,,,,
2026-08-11,2026-08-11,FO,NSE,STO,39458,,TECHM,,2026-08-25,2026-08-25,1260.0,PE,TECHM26AUG1260PE,0.0,0.0,0.0,1.0,1.0,1.0,1642.97,0.0,2400,0,0,0.0,0,F1,600,,,,,
2026-08-11,2026-08-11,FO,NSE,STO,113835,,TECHM,,2026-10-27,2026-10-27,1920.0,CE,TECHM26OCT1920CE,0.0,0.0,0.0,34.15,0.0,34.15,1642.97,27.0,0,0,0,0.0,0,F1,600,,,,,
2026-08-11,2026-08-11,FO,NSE,STO,113531,,TECHM,,2026-09-29,2026-09-29,1740.0,PE,TECHM26SEP1740PE,0.0,0.0,0.0,145.9,0.0,145.9,1642.97,130.54,0,0,0,0.0,0,F1,600,,,,,
2026-08-11,2026-08-11,FO,NSE,STO,113822,,TECHM,,2026-10-27,2026-10-27,1680.0,PE,TECHM26OCT1680PE,0.0,0.0,0.0,123.6,0.0,123.6,1642.97,109.48,0,0,0,0.0,0,F1,600,,,,,
2026-08-11,2026-08-11,FO,NSE,STO,154064,,TECHM,,2026-09-29,2026-09-29,1164.0,CE,TECHM26SEP1164CE,0.0,0.0,0.0,455.0,455.0,455.0,1642.97,489.3,600,0,0,0.0,0,F1,600,,,,,
2026-08-11,2026-08-11,FO,NSE,STO,113830,,TECHM,,2026-10-27,2026-10-27,1800.0,PE,TECHM26OCT1800PE,0.0,0.0,0.0,199.05,0.0,199.05,1642.97,184.99,0,0,0,0.0,0,F1,600,,,,,
2026-08-11,2026-08-11,FO,NSE,STF,68798,,TECHM,,2026-09-29,2026-09-29,,,TECHM26SEPFUT,1660.0,1665.0,1652.6,1655.3,1655.3,1647.9,1642.97,1655.3,315600,5400,38,37820520.0,36,F1,600,,,,,
2026-08-11,2026-08-11,FO,NSE,STO,113423,,TECHM,,2026-09-29,2026-09-29,1500.0,CE,TECHM26SEP1500CE,0.0,0.0,0.0,157.0,157.0,157.0,1642.97,179.33,600,0,0,0.0,0,F1,600,,,,,
2026-08-11,2026-08-11,FO,NSE,STO,113484,,TECHM,,2026-09-29,2026-09-29,1620.0,PE,TECHM26SEP1620PE,0.0,0.0,0.0,49.25,49.25,49.25,1642.97,63.2,1200,0,0,0.0,0,F1,600,,,,,
